e_UI,ds1_UI,ds1_Classification2,ds1_Classification3,ds1_Classification4,ds1_dateandtime,ds1_Units,ds1_Datatype,ds1_Template,ds1_Reference_ranges,ds1_UCHsource,ds1_Timing,ds1_label1UCH,ds1_label2UCH,ds1_NHICdtCode,ds1_NHICmetaCode_,ds1_Classification1,human_readable_name
X000001,1,Unit,Admission1,,No,NULL,text,XXXX,NULL,NULL,once on joining project,s1,s2,NULL,NULL\,Demographic,
X000002,2,Unit,CCU_bed_configuration,,No,NULL,text,99,NULL,NULL,once on joining project,s1,s2,NULL,NULL\,Demographic,
X000003,3,Unit,CCU_bed_configuration,,No,NULL,text,99,NULL,NULL,once on joining project,s1,s2,NULL,NULL\,Demographic,
X000004,4,Unit,CCU_bed_configuration,,No,NULL,text,99,NULL,NULL,once on joining project,s1,s2,NULL,NULL\,Demographic,
X000005,5,Unit,CCU_bed_configuration,,No,NULL,text,99,NULL,NULL,once on joining project,s1,s2,NULL,NULL\,Demographic,
X000006,6,Patient,Admission1,Numerical_national,No,NULL,text,999 999 9999,NULL,Medicus,next working day after admission,s1,s2,NULL,NULL\,Demographic,
X000007,7,Patient,Identifier,Numerical_local,No,NULL,text,XXXXXXXX,NULL,Medicus,next working day after admission,s1,s2,NULL,NULL\,Demographic,
X000008,8,Patient,Admission1,Episode,No,NULL,numeric,99999999,NULL,Medicus,next working day after admission,s1,s2,NULL,NULL\,Demographic,
X000009,9,Patient,Admission1,Birth_date,No,NULL,date,yyyy-mm-dd,NULL,Medicus,next working day after admission,s1,s2,NULL,NULL\,Demographic,
X000010,10,Patient,Admission1,Address,No,NULL,text,XXXX XXX,NULL,Medicus,next working day after admission,s1,s2,NULL,NULL\,Demographic,
X000011,11,Patient,Location,GP,No,NULL,text,NULL,NULL,Medicus,next working day after admission,s1,s2,NULL,NULL\,Demographic,
X000012,12,Patient,Admission1,Ethnicity,No,NULL,list,X,NULL,Medicus,next working day after admission,s1,s2,NULL,NULL\,Demographic,
X000013,13,Patient,Admission1,Sex,No,NULL,list,X,NULL,Medicus,next working day after admission,s1,s2,NULL,NULL\,Demographic,
X000014,14,Patient,Admission1,Height,No,cm,numeric,999,NULL,Medicus,next working day after admission,s1,s2,NULL,NULL\,Demographic,
X000015,15,Patient,Admission1,Height,No,NULL,list,X,NULL,Medicus,next working day after admission,s1,s2,NULL,NULL\,Demographic,
X000016,16,Patient,Admission1,Weight,No,kg,numeric,999,NULL,Medicus,next working day after admission,s1,s2,NULL,NULL\,Demographic,
X000017,17,Patient,Admission1,Weight,No,NULL,list,X,NULL,Medicus,next working day after admission,s1,s2,NULL,NULL\,Demographic,
X000018,18,Dates,Admission3,Date,No,NULL,date,yyyy-mm-dd,NULL,Medicus,next working day after admission,s1,s2,NULL,NULL\,Demographic,
X000019,19,Dates,Admission3,Date_Time,No,NULL,date/time,yyyy-mm-dd hh:mm,NULL,Medicus,within 30 min of input,s1,s2,NULL,NULL\,Demographic,
X000020,20,Dates,Outcome2,Readiness,No,NULL,date,yyyy-mm-dd,NULL,Medicus,next working day after discharge,s1,s2,NULL,NULL\,Demographic,
X000021,21,Dates,Outcome2,Readiness,No,NULL,time,hh:mm,NULL,Medicus,next working day after discharge,s1,s2,NULL,NULL\,Demographic,
X000022,22,Dates,Outcome2,Date_Time,No,NULL,date/time,yyyy-mm-dd hh:mm,NULL,Medicus,within 30 min of input,s1,s2,NULL,NULL\,Demographic,
X000023,23,Dates,Outcome3,Ultimate_discharge,No,NULL,date,yyyy-mm-dd,NULL,Medicus,when available after discharge,s1,s2,NULL,NULL\,Demographic,
X000024,24,Dates,Outcome3/5,Date,No,NULL,date,yyyy-mm-dd,NULL,Medicus,when available after discharge,s1,s2,NULL,NULL\,Demographic,
X000025,25,Dates,Outcome5,Ultimate_discharge,No,NULL,date,yyyy-mm-dd,NULL,Medicus,when available after discharge,s1,s2,NULL,NULL\,Demographic,
X000026,26,Episode_descriptors,Outcome3,Status_at_ultimate_discharge_from_your_ICUHDU,No,,text,X,,Medicus,when available after discharge,s1,s2,,\,Demographic,
X000027,27,Episode_descriptors,Admission1,Location,No,NULL,list,X,NULL,Medicus,next working day after admission,s1,s2,NULL,NULL\,Demographic,
X000028,28,Episode_descriptors,Admission4,Location,No,NULL,list,XX,NULL,Medicus,next working day after admission,s1,s2,NULL,NULL\,Demographic,
X000029,29,Episode_descriptors,Admission4,Inbound,No,NULL,list,X,NULL,Medicus,next working day after admission,s1,s2,NULL,NULL\,Demographic,
X000030,30,Episode_descriptors,Admission5,Type,No,NULL,list,XX,NULL,Medicus,next working day after admission,s1,s2,NULL,NULL\,Demographic,
X000031,31,Episode_descriptors,Admission3,Specialty,No,NULL,text,XXX,NULL,Medicus,next working day after admission,s1,s2,NULL,NULL\,Demographic,
X000032,32,Episode_descriptors,Admission4,Surgical_priority,No,NULL,list,X,NULL,Medicus,next working day after admission,s1,s2,NULL,NULL\,Demographic,
X000033,33,Episode_descriptors,Outcome1,,No,days,numeric,999,NULL,Medicus,next working day after discharge,s1,s2,NULL,NULL\,Demographic,
X000034,34,Episode_descriptors,Outcome1,,No,days,numeric,999,NULL,Medicus,next working day after discharge,s1,s2,NULL,NULL\,Demographic,
X000035,35,Episode_descriptors,Outcome2,Status,No,NULL,list,X,NULL,Medicus,next working day after discharge,s1,s2,NULL,NULL\,Demographic,
X000036,36,Episode_descriptors,Outcome3,Outbound,No,NULL,list,X,NULL,Medicus,next working day after discharge,s1,s2,NULL,NULL\,Demographic,
X000037,37,Episode_descriptors,Outcome2,Timeliness,No,NULL,list,X,NULL,Medicus,next working day after discharge,s1,s2,NULL,NULL\,Demographic,
X000038,38,Episode_descriptors,Outcome2,,No,NULL,list,X,NULL,Medicus,next working day after discharge,s1,s2,NULL,NULL\,Demographic,
X000039,39,Episode_descriptors,Outcome2,,No,NULL,list,X,NULL,Medicus,when available after discharge,s1,s2,NULL,NULL\,Demographic,
X000040,40,Pre_episode_descriptors,Admission4,Date_of_original_admission,No,NULL,date,yyyy-mm-dd,NULL,Medicus,next working day after admission,s1,s2,NULL,NULL\,Demographic,
X000041,41,Pre_episode_descriptors,Admission4,Hospital,No,NULL,list,XX,NULL,Medicus,next working day after admission,s1,s2,NULL,NULL\,Demographic,
X000042,42,Pre_episode_descriptors,Admission4,Hospital,No,NULL,list,XX,NULL,Medicus,next working day after admission,s1,s2,NULL,NULL\,Demographic,
X000043,43,Pre_episode_descriptors,Admission4,Patient_episode_identifier,No,NULL,numeric,99999999,NULL,Medicus,next working day after admission,s1,s2,NULL,NULL\,Demographic,
X000044,44,Pre_episode_descriptors,Admission4,Patient_episode_identifier,No,NULL,date,yyyy-mm-dd,NULL,Medicus,next working day after admission,s1,s2,NULL,NULL\,Demographic,
X000045,45,Pre_episode_descriptors,Admission4,Unit_identifier,No,NULL,text,XXXX,NULL,Medicus,next working day after admission,s1,s2,NULL,NULL\,Demographic,
X000046,46,Pre_episode_descriptors,Admission4,Unit_identifier,No,NULL,list,X,NULL,Medicus,next working day after admission,s1,s2,NULL,NULL\,Demographic,
X000047,47,Pre_episode_descriptors,Admission4,Unit_identifier,No,NULL,list / logical,NULL,NULL,Medicus,next working day after admission,s1,s2,NULL,NULL\,Demographic,
X000048,48,Pre_episode_descriptors,Admission5,Outreach,No,NULL,list,X,NULL,Medicus,next working day after admission,s1,s2,NULL,NULL\,Demographic,
X000049,49,Pre_episode_descriptors,Admission5,Date_of_last_visit_prior_to_admission,No,NULL,date,yyyy-mm-dd,NULL,Medicus,next working day after admission,s1,s2,NULL,NULL\,Demographic,
X000050,50,Post_episode_descriptors,Outcome3,Hospital,No,NULL,list,X,NULL,Medicus,next working day after discharge,s1,s2,NULL,NULL\,Demographic,
X000051,51,Post_episode_descriptors,Outcome3/5,Hospital,No,NULL,list,X,NULL,Medicus,when available after discharge,s1,s2,NULL,NULL\,Demographic,
X000052,52,Post_episode_descriptors,Outcome3,Unit,No,NULL,list,X,NULL,Medicus,when available after discharge,s1,s2,NULL,NULL\,Demographic,
X000053,53,Post_episode_descriptors,Outcome3,Unit,No,NULL,list / logical,NULL,NULL,Medicus,when available after discharge,s1,s2,NULL,NULL\,Demographic,
X000054,54,Post_episode_descriptors,Outcome3/5,,No,NULL,list,X,NULL,Medicus,when available after discharge,s1,s2,NULL,NULL\,Demographic,
X000055,55,Post_episode_descriptors,Outcome4,Outreach,No,NULL,list,X,NULL,Medicus,when available after discharge,s1,s2,NULL,NULL\,Demographic,
X000056,56,Post_episode_descriptors,Outcome4,Date_of_first_visit_post_discharge,No,NULL,date,yyyy-mm-dd,NULL,Medicus,when available after discharge,s1,s2,NULL,NULL\,Demographic,
X000057,57,Post_episode_descriptors,Outcome5,Destination_post_discharge_within_your_hospital,No,NULL,list,X,NULL,Medicus,when available after discharge,s1,s2,NULL,NULL\,Demographic,
X000058,58,Post_episode_descriptors,Outcome5,Residence_post_discharge_from_acute_hospital,No,NULL,list,X,NULL,Medicus,when available after discharge,s1,s2,NULL,NULL\,Demographic,
X000059,59,Post_episode_descriptors,Outcome5,,No,NULL,list,X,NULL,Medicus,when available after discharge,s1,s2,NULL,NULL\,Demographic,
X000060,60,Prognostication_variables,Admission5,Admission_for_pre_surgical_preparation,No,NULL,list / logical,NULL,NULL,Medicus,next working day after admission,s1,s2,NULL,NULL\,Demographic,
X000061,61,Prognostication_variables,Admission3,CPR_within_24_hours_prior_to_admission,No,NULL,list,X,NULL,Medicus,next working day after admission,s1,s2,NULL,NULL\,Demographic,
X000062,62,Prognostication_variables,Reason for Admission1,Primary_reason_for_admission,No,NULL,text,99.99.99.99,NULL,Medicus,next working day after admission,s1,s2,NULL,NULL\,Demographic,
X000063,63,Prognostication_variables,Reason for Admission1,Secondary_reasons_for_admission,No,NULL,text,99.99.99.99,NULL,Medicus,next working day after admission,s1,s2,NULL,NULL\,Demographic,
X000064,64,Prognostication_variables,Outcome1,Ultimate_primary_reason_for_admission_to_unit,No,NULL,text,99.99.99.99,NULL,Medicus,next working day after discharge,s1,s2,NULL,NULL\,Demographic,
X000065,65,Prognostication_variables,Past Medical History1,Co_morbidities,No,NULL,list / logical,NULL,NULL,Medicus,next working day after admission,s1,s2,NULL,NULL\,Demographic,
X000066,66,Prognostication_variables,Past Medical History1,Co_morbidities,No,NULL,list / logical,NULL,NULL,Medicus,next working day after admission,s1,s2,NULL,NULL\,Demographic,
X000067,67,Prognostication_variables,Past Medical History1,Co_morbidities,No,NULL,list / logical,NULL,NULL,Medicus,next working day after admission,s1,s2,NULL,NULL\,Demographic,
X000068,68,Prognostication_variables,Past Medical History1,Co_morbidities,No,NULL,list / logical,NULL,NULL,Medicus,next working day after admission,s1,s2,NULL,NULL\,Demographic,
X000069,69,Prognostication_variables,Past Medical History1,Co_morbidities,No,NULL,list / logical,NULL,NULL,Medicus,next working day after admission,s1,s2,NULL,NULL\,Demographic,
X000070,70,Prognostication_variables,Past Medical History1,Co_morbidities,No,NULL,list / logical,NULL,NULL,Medicus,next working day after admission,s1,s2,NULL,NULL\,Demographic,
X000071,71,Prognostication_variables,Past Medical History1,Co_morbidities,No,NULL,list / logical,NULL,NULL,Medicus,next working day after admission,s1,s2,NULL,NULL\,Demographic,
X000072,72,Prognostication_variables,Past Medical History1,Co_morbidities,No,NULL,list / logical,NULL,NULL,Medicus,next working day after admission,s1,s2,NULL,NULL\,Demographic,
X000073,73,Prognostication_variables,Past Medical History1,Co_morbidities,No,NULL,list / logical,NULL,NULL,Medicus,next working day after admission,s1,s2,NULL,NULL\,Demographic,
X000074,74,Prognostication_variables,Past Medical History1,Co_morbidities,No,NULL,list / logical,NULL,NULL,Medicus,next working day after admission,s1,s2,NULL,NULL\,Demographic,
X000075,75,Prognostication_variables,Past Medical History1,Co_morbidities,No,NULL,list / logical,NULL,NULL,Medicus,next working day after admission,s1,s2,NULL,NULL\,Demographic,
X000076,76,Prognostication_variables,Past Medical History1,Co_morbidities,No,NULL,list / logical,NULL,NULL,Medicus,next working day after admission,s1,s2,NULL,NULL\,Demographic,
X000077,77,Prognostication_variables,Past Medical History1,Co_morbidities,No,NULL,list / logical,NULL,NULL,Medicus,next working day after admission,s1,s2,NULL,NULL\,Demographic,
X000078,78,Prognostication_variables,Past Medical History1,Co_morbidities,No,NULL,list / logical,NULL,NULL,Medicus,next working day after admission,s1,s2,NULL,NULL\,Demographic,
X000079,79,Prognostication_variables,Past Medical History1,Co_morbidities,No,NULL,list / logical,NULL,NULL,Medicus,next working day after admission,s1,s2,NULL,NULL\,Demographic,
X000080,80,Prognostication_variables,Past Medical History1,Co_morbidities,No,NULL,list / logical,NULL,NULL,Medicus,next working day after admission,s1,s2,NULL,NULL\,Demographic,
X000081,81,Prognostication_variables,Past Medical History1,Co_morbidities,No,NULL,list / logical,NULL,NULL,Medicus,next working day after admission,s1,s2,NULL,NULL\,Demographic,
X000082,82,Prognostication_variables,Past Medical History1,Co_morbidities,No,NULL,list,NULL,NULL,Medicus,next working day after admission,s1,s2,NULL,NULL\,Demographic,
X000083,83,Prognostication_variables,APACHE_II,APACHE_II_score,No,NULL,numeric,99,NULL,Medicus,next working day after discharge,s1,s2,NULL,NULL\,Demographic,
X000084,84,Prognostication_variables,APACHE_II,APACHE_II_probability,No,%,numeric,999,NULL,Medicus,next working day after discharge,s1,s2,NULL,NULL\,Demographic,
X000085,85,Prognostication_variables,Admission3,Delayed_admission,No,NULL,list,X,NULL,Medicus,next working day after admission,s1,s2,NULL,NULL\,Demographic,
X000086,86,Prognostication_variables,Admission3,Delay,No,hours,numeric,999,NULL,Medicus,next working day after admission,s1,s2,NULL,NULL\,Demographic,
X000087,87,Prognostication_variables,Infection1,,No,NULL,list / logical,NULL,NULL,Medicus,next working day after discharge,s1,s2,NULL,NULL\,Demographic,
X000088,88,Organ_dysfunction,Cumulative,,No,NULL,numeric,999,NULL,Medicus,next working day after discharge,s1,s2,NULL,NULL\,Demographic,
X000089,89,Organ_dysfunction,Outcome1,Individual,No,days,numeric,999,NULL,Medicus,next working day,s1,s2,NULL,NULL\,Demographic,
X000090,90,Organ_dysfunction,Outcome1,Individual,No,days,numeric,999,NULL,Medicus,next working day,s1,s2,NULL,NULL\,Demographic,
X000091,91,Organ_dysfunction,Outcome1,Individual,No,days,numeric,999,NULL,Medicus,next working day,s1,s2,NULL,NULL\,Demographic,
X000092,92,Organ_dysfunction,Outcome1,Individual,No,days,numeric,999,NULL,Medicus,next working day,s1,s2,NULL,NULL\,Demographic,
X000093,93,Organ_dysfunction,Outcome1,Individual,No,days,numeric,999,NULL,Medicus,next working day,s1,s2,NULL,NULL\,Demographic,
X000094,94,Organ_dysfunction,Outcome1,Individual,No,days,numeric,999,NULL,Medicus,next working day,s1,s2,NULL,NULL\,Demographic,
X000095,95,Organ_dysfunction,Outcome1,Individual,No,days,numeric,999,NULL,Medicus,next working day,s1,s2,NULL,NULL\,Demographic,
X000096,96,Organ_dysfunction,Outcome1,Individual,No,days,numeric,999,NULL,Medicus,next working day,s1,s2,NULL,NULL\,Demographic,
X000097,97,Organ_dysfunction,Outcome1,Individual,No,days,numeric,999,NULL,Medicus,next working day,s1,s2,NULL,NULL\,Demographic,
X000098,98,End_of_life,Outcome1,Treatment_withheldwithdrawn,No,NULL,list,NULL,NULL,Medicus,next working day after discharge,s1,s2,NULL,NULL\,Demographic,
X000099,99,End_of_life,Outcome1,Date_treatment_first_withdrawn,No,NULL,date,yyyy-mm-dd,NULL,Medicus,next working day after discharge,s1,s2,NULL,NULL\,Demographic,
X000100,100,End_of_life,Outcome1,Time_treatment_first_withdrawn,No,NULL,time,hh:mm,NULL,Medicus,next working day after discharge,s1,s2,NULL,NULL\,Demographic,
X000101,101,End_of_life,Outcome2,Brain_stem_death,No,NULL,list / logical,NULL,NULL,Medicus,next working day after discharge,s1,s2,NULL,NULL\,Demographic,
X000102,102,End_of_life,Outcome2,Brain_stem_death,No,NULL,date,yyyy-mm-dd,NULL,Medicus,next working day after discharge,s1,s2,NULL,NULL\,Demographic,
X000103,103,End_of_life,Outcome2,Brain_stem_death,No,NULL,time,hh:mm,NULL,Medicus,next working day after discharge,s1,s2,NULL,NULL\,Demographic,
X000104,104,End_of_life,Outcome2,Date_of_death,No,NULL,date,yyyy-mm-dd,NULL,Medicus,next working day after discharge,s1,s2,NULL,NULL\,Demographic,
X000105,105,End_of_life,Outcome2,Time_of_death,No,NULL,time,hh:mm,NULL,Medicus,next working day after discharge,s1,s2,NULL,NULL\,Demographic,
X000106,106,End_of_life,Outcome2,Refferral_made,No,NULL,list / logical,NULL,NULL,Medicus,next working day after discharge,s1,s2,NULL,NULL\,Demographic,
X000107,107,End_of_life,Outcome2,Solid_organ_or_tissue_donor,No,NULL,list,X,NULL,Medicus,next working day after discharge,s1,s2,NULL,NULL\,Demographic,
X000108,108,End_of_life,Outcome2,Date_body_removed,No,NULL,date,yyyy-mm-dd,NULL,Medicus,next working day after discharge,s1,s2,NULL,NULL\,Demographic,
X000109,109,End_of_life,Outcome2,Time_body_removed,No,NULL,time,hh:mm,NULL,ICIP,next working day after discharge,s1,s2,NULL,NULL\,Demographic,
X000110,110,Organ_dysfunction,Daily,,No,1 or 0,Logical,1,NULL,ICIP,next working day,ARS,CCMDS,NIHR_HIC_ICU_0940,NULL\,Physiology,
X000111,111,Organ_dysfunction,Daily,,No,1 or 0,Logical,1,NULL,ICIP,next working day,BRS,CCMDS,NIHR_HIC_ICU_0941,NULL\,Physiology,
X000112,112,Organ_dysfunction,Daily,,No,1 or 0,Logical,1,NULL,ICIP,next working day,ACS,CCMDS,NIHR_HIC_ICU_0942,NULL\,Physiology,
X000113,113,Organ_dysfunction,Daily,,No,1 or 0,Logical,1,NULL,ICIP,next working day,BCS,CCMDS,NIHR_HIC_ICU_0943,NULL\,Physiology,
X000114,114,Organ_dysfunction,Daily,,No,1 or 0,Logical,1,NULL,ICIP,next working day,Renal,CCMDS,NIHR_HIC_ICU_0944,NULL\,Physiology,
X000115,115,Organ_dysfunction,Daily,,No,1 or 0,Logical,1,NULL,ICIP,next working day,Neuro,CCMDS,NIHR_HIC_ICU_0945,NULL\,Physiology,
X000116,116,Organ_dysfunction,Daily,,No,1 or 0,Logical,1,NULL,ICIP,next working day,Liver,CCMDS,NIHR_HIC_ICU_0946,NULL\,Physiology,
X000117,117,Organ_dysfunction,Daily,,No,1 or 0,Logical,1,NULL,ICIP,next working day,Derm,CCMDS,NIHR_HIC_ICU_0947,NULL\,Physiology,
X000118,118,Organ_dysfunction,Daily,,No,1 or 0,Logical,1,NULL,ICIP,next working day,GI,CCMDS,NIHR_HIC_ICU_0948,NULL\,Physiology,
X000119,119,Neurology,GCS,gcs_total,Yes,NULL,numeric,99,NULL,ICIP,within 30 min of input,GCS,GCS Total,NIHR_HIC_ICU_0293 ,NULL\,Physiology,
X000120,120,Neurology,GCS,gcs_motor_component,Yes,NULL,numeric,9,NULL,ICIP,within 30 min of input,GCS,GCS Motor,NIHR_HIC_ICU_0294 ,NULL\,Physiology,
X000121,121,Neurology,GCS,gcs_eye_component,Yes,NULL,numeric,9,NULL,ICIP,within 30 min of input,GCS,GCS Eyes,NIHR_HIC_ICU_0295 ,NULL\,Physiology,
X000122,122,Neurology,GCS,gcs_verbal_component,Yes,NULL,numeric,9,NULL,ICIP,within 30 min of input,GCS,GCS Verbal,NIHR_HIC_ICU_0296,NULL\,Physiology,
X000123,123,Neurology,Sedation,Richmond_Agitation_Sedation_Score_RASS,Yes,NULL,list,XX,NULL,ICIP,within 30 min of input,RASS,RASS,NIHR_HIC_ICU_0917 ,NULL\,Physiology,
X000124,124,Neurology,Sedation,Sedated,Yes,NULL,list,X,NULL,ICIP,within 30 min of input,Sedated and Paralysed,S or P,NIHR_HIC_ICU_0297 ,NULL\,Physiology,
X000125,125,Cardiovascular,ECG,Heart_rate,Yes,bpm,numeric,999,NULL,ICIP,within 30 min of input,Heart Rate,HR,NIHR_HIC_ICU_0254 ,NULL\,Physiology,
X000126,126,Cardiovascular,ECG,Heart_rhythm,Yes,NULL,list,XX,NULL,ICIP,within 30 min of input,Cardiac Rhythm,Cardiac Rhythm,NIHR_HIC_ICU_0255,NULL\,Physiology,
X000127,127,Cardiovascular,Blood_pressure,Arterial,Yes,mmHg,numeric,999,NULL,ICIP,within 30 min of input,Art BP,Mean,NIHR_HIC_ICU_0256 ,NIHR_HIC_ICU_0801 \,Physiology,
X000128,128,Cardiovascular,Blood_pressure,Arterial,Yes,mmHg,numeric,999,NULL,ICIP,within 30 min of input,NBP,Mean,NIHR_HIC_ICU_0257 ,NULL\,Physiology,
X000129,129,Cardiovascular,Blood_pressure,Arterial,Yes,mmHg,numeric,999,NULL,ICIP,within 30 min of input,Art BP,Systolic,NIHR_HIC_ICU_0258,NIHR_HIC_ICU_0802\,Physiology,
X000130,130,Cardiovascular,Blood_pressure,Arterial,Yes,mmHg,numeric,999,NULL,ICIP,within 30 min of input,NBP,Systolic,NIHR_HIC_ICU_0259 ,NULL\,Physiology,
X000131,131,Cardiovascular,Blood_pressure,Arterial,Yes,mmHg,numeric,999,NULL,ICIP,within 30 min of input,Art BP,Diastolic,NIHR_HIC_ICU_0260,NIHR_HIC_ICU_0803\,Physiology,
X000132,132,Cardiovascular,Blood_pressure,Arterial,Yes,mmHg,numeric,999,NULL,ICIP,within 30 min of input,NBP,Diastolic,NIHR_HIC_ICU_0261,NULL\,Physiology,
X000133,133,Cardiovascular,Blood_pressure,Venous,Yes,mmHg,numeric,99,NULL,ICIP,within 30 min of input,CVP,CVP,NIHR_HIC_ICU_0262,NIHR_HIC_ICU_0804 \,Physiology,
X000134,134,Cardiovascular,Cardiac_ouput_monitoring,Cardiac_output_CO,Yes,l/min,numeric,99.9,NULL,ICIP,within 30 min of input,LIDCO Plus,CO,NIHR_HIC_ICU_0263 ,NULL\,Physiology,
X000135,135,Cardiovascular,Cardiac_ouput_monitoring,Cardiac_output_CO,Yes,l/min,numeric,99.9,NULL,ICIP,within 30 min of input,LIDCO Rapid,CO,NIHR_HIC_ICU_0264 ,NULL\,Physiology,
X000136,136,Cardiovascular,Cardiac_ouput_monitoring,Cardiac_output_CO,Yes,l/min,numeric,99.9,NULL,ICIP,within 30 min of input,Cardiac output measurement - PICCO,Not collected at UCH,NIHR_HIC_ICU_0265 ,NULL\,Physiology,
X000137,137,Cardiovascular,Cardiac_ouput_monitoring,Cardiac_output_CO,Yes,l/min,numeric,99.9,NULL,ICIP,within 30 min of input,Cardiac output measurement - PA catheter,Not Available,NIHR_HIC_ICU_0266 ,NULL\,Physiology,
X000138,138,Cardiovascular,Cardiac_ouput_monitoring,Cardiac_output_CO,Yes,l/min,numeric,99.9,NULL,ICIP,within 30 min of input,Oesophageal Doppler,CO,NIHR_HIC_ICU_0267 ,NULL\,Physiology,
X000139,139,Respiratory,Endtracheal_airway,,Yes,NULL,list,X,NULL,ICIP,within 30 min of input,Airway,Airway,NIHR_HIC_ICU_0271 ,NULL\,Physiology,
X000140,140,Respiratory,Ventilation,Ventilated,Yes,NULL,list,X,NULL,ICIP,within 30 min of input,Ventilator Mode,Mode,NIHR_HIC_ICU_0281 ,NULL\,Physiology,
X000141,141,Respiratory,Ventilation,Respiratory_rate_patient_observation,Yes,bpm,numeric,99,NULL,ICIP,within 30 min of input,Spontaneous RR,Calculation,NIHR_HIC_ICU_0282,NULL\,Physiology,
X000142,142,Respiratory,Ventilation,Respiratory_rate_patient_observation,Yes,bpm,numeric,99,NULL,ICIP,within 30 min of input,Respiratory Rate,RR,NIHR_HIC_ICU_0283,NULL\,Physiology,
X000143,143,Respiratory,Ventilation,Oxygenation,Yes,%,numeric,99,NULL,ICIP,within 30 min of input,SpO2,SpO2,NIHR_HIC_ICU_0272,NULL\,Physiology,
X000144,144,Respiratory,Ventilation,Oxygenation,Yes,NULL,numeric,99.9,NULL,ICIP,within 30 min of input,P:F Ratio,P:F Ratio,NIHR_HIC_ICU_0914,NULL\,Physiology,
X000145,145,Respiratory,Ventilation,Ventilator_settings,Yes,NULL,numeric,9.99,NULL,ICIP,within 30 min of input,FiO2,FiO2,NIHR_HIC_ICU_0287 ,NULL\,Physiology,
X000146,146,Respiratory,Ventilation,Ventilator_settings,Yes,cm H2O,numeric,99,NULL,ICIP,within 30 min of input,PEEP,PEEP,NIHR_HIC_ICU_0288 ,NULL\,Physiology,
X000147,147,Respiratory,Ventilation,Ventilator_settings,Yes,bpm,numeric,99,NULL,ICIP,within 30 min of input,Set Resp Rate,Ventilator Rate,NIHR_HIC_ICU_0284,NULL\,Physiology,
X000148,148,Respiratory,Ventilation,Ventilator_observations,Yes,bpm,numeric,99,NULL,ICIP,within 30 min of input,Measured rate (ventilated),Ventilator Rate,NIHR_HIC_ICU_0546,NULL\,Physiology,
X000149,149,Respiratory,Ventilation,Ventilator_observations,Yes,l/min,numeric,99.9,NULL,ICIP,within 30 min of input,Minute Volume,MV,NIHR_HIC_ICU_0285,NULL\,Physiology,
X000150,150,Respiratory,Ventilation,Ventilator_observations,Yes,ml,numeric,9999,NULL,ICIP,within 30 min of input,Tidal Volume (Measured),TV,NIHR_HIC_ICU_0401 ,NULL\,Physiology,
X000151,151,Respiratory,Ventilation,Ventilator_observations,Yes,cm H2O,numeric,99,NULL,ICIP,within 30 min of input,Peak Airway Pres,PAP,NIHR_HIC_ICU_0286 ,NULL\,Physiology,
X000152,152,Respiratory,Ventilation,HFOV_settings,Yes,Hz,numeric,99,NULL,ICIP,within 30 min of input,Frequency measurement (hourly),Not collected at UCH,NIHR_HIC_ICU_0290,NULL\,Physiology,
X000153,153,Respiratory,Ventilation,HFOV_settings,Yes,ml,numeric,999,NULL,ICIP,within 30 min of input,Cycle volume measurement (hourly),Not collected at UCH,NIHR_HIC_ICU_0291 ,NULL\,Physiology,
X000154,154,Respiratory,Ventilation,HFOV_settings,Yes,l/min,numeric,999,NULL,ICIP,within 30 min of input,Base flow measurement (hourly),Not collected at UCH,NIHR_HIC_ICU_0292 ,NULL\,Physiology,
X000155,155,Respiratory,Ventilation,HFOV_observations,Yes,cm H2O,numeric,99,NULL,ICIP,within 30 min of input,Airway pressure measurement (hourly),Not collected at UCH,NIHR_HIC_ICU_0289 ,NULL\,Physiology,
X000156,156,Renal,Fluid_volumes,Balance,Yes,ml,numeric,+/-99999,NULL,ICIP,within 30 min of input,Fluid balance (Hourly),Fluid balance (Hourly),NIHR_HIC_ICU_0916 ,NULL\,Physiology,
X000157,157,Renal,Fluid_volumes,Balance,Yes,ml,numeric,+/-99999,NULL,ICIP,(each) next working day after admission,TOTAL FLUID BALANCE (24hr),TOTAL FLUID BALANCE (24hr),NIHR_HIC_ICU_0317 ,NULL\,Physiology,
X000158,158,Renal,Fluid_volumes,Urine_output,Yes,ml,numeric,9999,NULL,ICIP,within 30 min of input,Urine output,Urine,NIHR_HIC_ICU_0299,NULL\,Physiology,
X000159,159,Renal,Renal_replacement_therapy_RRT,Mode,Yes,NULL,list,X,NULL,ICIP,within 30 min of input,Renal Replacement,Treatment mode,NIHR_HIC_ICU_0298 ,NULL\,Physiology,
X000160,160,Renal,Renal_replacement_therapy_RRT,Duration_of_therapy,Yes,hours,numeric,99.9,NULL,ICIP,within 30 min of input,Duration of therapy (hours per day),Duration,NIHR_HIC_ICU_0869 ,NULL\,Physiology,
X000161,161,Renal,Renal_replacement_therapy_RRT,Fluid_volumes_RRT,Yes,ml,numeric,99999,NULL,ICIP,within 30 min of input,Total effluent (daily),Effluent,NIHR_HIC_ICU_0870 ,NULL\,Physiology,
X000162,162,Renal,Renal_replacement_therapy_RRT,Fluid_volumes_RRT,Yes,ml,numeric,99999,NULL,ICIP,within 30 min of input,Total dialysate (daily),Dialysate,NIHR_HIC_ICU_0871 ,NULL\,Physiology,
X000163,163,Renal,Renal_replacement_therapy_RRT,Fluid_volumes_RRT,Yes,ml,numeric,99999,NULL,ICIP,within 30 min of input,Total replacement fluid during therapy (daily),Replacement,NIHR_HIC_ICU_0872 ,NULL\,Physiology,
X000164,164,Renal,Renal_replacement_therapy_RRT,Anticoagulation,Yes,NULL,list,NULL,NULL,ICIP,within 30 min of input,Type of anticoagulation,Not Available,NIHR_HIC_ICU_0999 ,NULL\,Physiology,
X000165,165,Position,Position_measurement,,Yes,NULL,list,XX,NULL,ICIP,within 30 min of input,Patient Position,Patient Position,NIHR_HIC_ICU_0280 ,NULL\,Nursing_other,
X000166,166,Temperature,Central,,Yes,degree Celcius,numeric,99.9,NULL,ICIP,within 30 min of input,Central Temp,Central Temp,NIHR_HIC_ICU_0278,NULL\,Nursing_other,
X000167,167,Temperature,Non_central,,Yes,degree Celcius,numeric,99.9,NULL,ICIP,within 30 min of input,Non Central Temp,Non Central Temp,NIHR_HIC_ICU_0279,NULL\,Nursing_other,
X000168,168,Chemistry,Electrolytes,Sodium,Yes,mmol/l,numeric,999,135 - 145,ICIP,within 30 min of input,Sodium,Lab Value,NIHR_HIC_ICU_0302 ,NULL\,Laboratory,
X000169,169,Chemistry,Electrolytes,Sodium,Yes,mmol/l,numeric,999,135 - 148,ICIP,within 30 min of input,ABG.Sodium,ABG,NIHR_HIC_ICU_0303 ,NULL\,Laboratory,
X000170,170,Chemistry,Electrolytes,Potassium,Yes,mmol/l,numeric,99.9,3.5 - 5.1,ICIP,within 30 min of input,Potassium,Lab Value,NIHR_HIC_ICU_0304,NULL\,Laboratory,
X000171,171,Chemistry,Electrolytes,Potassium,Yes,mmol/l,numeric,99.9,3.5 - 4.5,ICIP,within 30 min of input,ABG.Potassium,ABG,NIHR_HIC_ICU_0305 ,NULL\,Laboratory,
X000172,172,Chemistry,Renal_markers,Urea,Yes,mmol/l,numeric,99.9,1.7 - 8.3,ICIP,within 30 min of input,Urea,Lab Value,NIHR_HIC_ICU_0300 ,NULL\,Laboratory,
X000173,173,Chemistry,Renal_markers,Creatinine,Yes,umol/l,numeric,9999,66 - 112,ICIP,within 30 min of input,Creatinine,Lab Value,NIHR_HIC_ICU_0301,NULL\,Laboratory,
X000174,174,Chemistry,Liver_markers,Bilirubin,Yes,umol/l,numeric,999,0 - 20,ICIP,within 30 min of input,Total Bilirubin,Lab Value,NIHR_HIC_ICU_0306,NULL\,Laboratory,
X000175,175,Chemistry,Glucose,,Yes,mmol/l,numeric,99.9,NULL,ICIP,NULL,Glucose,Lab Value,NIHR_HIC_ICU_0919,NULL\,Laboratory,
X000176,176,Chemistry,Glucose,,Yes,mmol/l,numeric,99.9,3.3 - 6.1,ICIP,within 30 min of input,ABG.Blood Glucose,ABG,NIHR_HIC_ICU_0307,NULL\,Laboratory,
X000177,177,Chemistry,Glucose,,Yes,mmol/l,numeric,99.9,0.6 - 33.3 (operating range),ICIP,within 30 min of input,Finger Stick Blood Glucose,Lab Value,NIHR_HIC_ICU_0308 ,NULL\,Laboratory,
X000178,178,Chemistry,Inflammatory_markers,CRP,Yes,mg/l,numeric,999,NULL,ICIP,within 30 min of input,CRP,Lab Value,NIHR_HIC_ICU_0800 ,NULL\,Laboratory,
X000179,179,Chemistry,Acid_base,pH,Yes,NULL,numeric,9.99,NULL,ICIP,within 30 min of input,ABG.pH,ABG,NIHR_HIC_ICU_0276,NIHR_HIC_ICU_0807 \,Laboratory,
X000180,180,Chemistry,Acid_base,HCO3,Yes,mmol/l,numeric,99.9,21 - 28,ICIP,within 30 min of input,ABG.HCO3,ABG,NIHR_HIC_ICU_0277 ,NIHR_HIC_ICU_0808 \,Laboratory,
X000181,181,Chemistry,Lactate,Lactate_blood_gas,Yes,mmol/l,numeric,99.9,0.4 - 2.2,ICIP,within 30 min of input,ABG.Lactate,ABG,NIHR_HIC_ICU_0268,NIHR_HIC_ICU_0980\,Laboratory,
X000182,182,Chemistry,Lactate,Lactate_laboratory,Yes,mmol/l,numeric,99.9,0.5 - 2.2,ICIP,within 30 min of input,Lactate,Lab Value,NIHR_HIC_ICU_0269 ,NULL\,Laboratory,
X000183,183,Haematology,Blood_count,Haemoglobin_laboratory,Yes,g/l,numeric,999,115 - 174,ICIP,within 30 min of input,Haemoglobin,Lab Value,NIHR_HIC_ICU_0310,NULL\,Laboratory,
X000184,184,Haematology,Blood_count,Haemoglobin_blood_gas,Yes,g/l,numeric,999,130 - 170,ICIP,within 30 min of input,ABG.Haemoglibin,ABG,NIHR_HIC_ICU_0309,NULL\,Laboratory,
X000185,185,Haematology,Blood_count,White_cell_count,Yes,x10^9/L,numeric,99.9,3.0 - 10.0,ICIP,within 30 min of input,White Cell Count,Lab Value,NIHR_HIC_ICU_0311,NULL\,Laboratory,
X000186,186,Haematology,Blood_count,White_cell_count,Yes,x10^9/L,numeric,99.9,2.0 - 7.5,ICIP,within 30 min of input,Neutrophils,Lab Value,NIHR_HIC_ICU_0312,NULL\,Laboratory,
X000187,187,Haematology,Blood_count,Platelets,Yes,x10^9/L,numeric,999,150 - 400,ICIP,within 30 min of input,Platelet Count,Lab Value,NIHR_HIC_ICU_0313 ,NULL\,Laboratory,
X000188,188,Microbiology,Culture,,Yes,NULL,text,NULL,NULL,ICIP,within 30 min of input,Site,Not Available,NIHR_HIC_ICU_0314,NULL\,Laboratory,
X000189,189,Microbiology,Culture,,Yes,NULL,text,NULL,NULL,ICIP,within 30 min of input,Organism(s),Not Available,NIHR_HIC_ICU_0314,NULL\,Laboratory,
X000190,190,Microbiology,Culture,,Yes,NULL,text,NULL,NULL,ICIP,within 30 min of input,Sensitivity,Not Available,NIHR_HIC_ICU_0314,NULL\,Laboratory,
X000191,191,Respiratory,Gases,Oxygenation,Yes,kPa,numeric,99.9,10.67 - 13.33,ICIP,within 30 min of input,ABG.PO2,ABG,NIHR_HIC_ICU_0274 ,NIHR_HIC_ICU_0805 \,Laboratory,
X000192,192,Respiratory,Gases,Oxygenation,Yes,%,numeric,99,NULL,ICIP,within 30 min of input,ABG.SAO2,ABG,NIHR_HIC_ICU_0273 ,NIHR_HIC_ICU_0866\,Laboratory,
X000193,193,Respiratory,Gases,Oxygenation,Yes,%,numeric,99,NULL,ICIP,within 30 min of input,Central Venous Saturation,CV SvO2,NIHR_HIC_ICU_0270 ,NIHR_HIC_ICU_0545 \,Laboratory,
X000194,194,Respiratory,Gases,Carbon_dioxide,Yes,kPa,numeric,99.9,4.67 - 6.00,ICIP,within 30 min of input,ABG.PCO2,ABG,NIHR_HIC_ICU_0275 ,NIHR_HIC_ICU_0806 \,Laboratory,
X000195,195,Anti_microbials,Aminoglycosides,,Yes,mg,numeric,9999,NULL,ICIP,within 30 min of input,Antibiotic,Amikacin,NIHR_HIC_ICU_0318 ,NIHR_HIC_ICU_0949\,Drugs,
X000196,196,Anti_microbials,Aminoglycosides,,Yes,mg,numeric,999,NULL,ICIP,within 30 min of input,Antibiotic,Gentamicin,NIHR_HIC_ICU_0341 ,NIHR_HIC_ICU_0950\,Drugs,
X000197,197,Anti_microbials,Aminoglycosides,,Yes,mg,numeric,9999,NULL,ICIP,within 30 min of input,Antibiotic,Neomycin,NIHR_HIC_ICU_0348,NIHR_HIC_ICU_0951\,Drugs,
X000198,198,Anti_microbials,Aminoglycosides,,Yes,mg,numeric,999,NULL,ICIP,within 30 min of input,Antibiotic,Tobramycin,NIHR_HIC_ICU_0363,NIHR_HIC_ICU_0952\,Drugs,
X000199,199,Anti_microbials,Anti_protozoal,,Yes,mg,numeric,999,NULL,ICIP,within 30 min of input,Antibiotic,Pentamidine Isetionate,NIHR_HIC_ICU_0351 ,NIHR_HIC_ICU_0953\,Drugs,
X000200,200,Anti_microbials,Anti_tuberculous,,Yes,mg,numeric,9999,NULL,ICIP,within 30 min of input,Antibiotic,Ethambutol HCL,NIHR_HIC_ICU_0338,NIHR_HIC_ICU_0959\,Drugs,
X000201,201,Anti_microbials,Anti_tuberculous,,Yes,mg,numeric,999,NULL,ICIP,within 30 min of input,Antibiotic,Isoniazid,NIHR_HIC_ICU_0342 ,NIHR_HIC_ICU_0954\,Drugs,
X000202,202,Anti_microbials,Anti_tuberculous,,Yes,mg,numeric,999,NULL,ICIP,within 30 min of input,Antibiotic,Pyrazinamide,NIHR_HIC_ICU_0354 ,NIHR_HIC_ICU_0955\,Drugs,
X000203,203,Anti_microbials,Anti_tuberculous,,Yes,tab,numeric,9,NULL,ICIP,within 30 min of input,Antibiotic,Rifampicin,NIHR_HIC_ICU_0356 ,NIHR_HIC_ICU_0956\,Drugs,
X000204,204,Anti_microbials,Anti_tuberculous,,Yes,tab,numeric,9,NULL,ICIP,within 30 min of input,Antibiotic,Rifater,NIHR_HIC_ICU_0357 ,NIHR_HIC_ICU_0957\,Drugs,
X000205,205,Anti_microbials,Anti_tuberculous,,Yes,tab,numeric,9,NULL,ICIP,within 30 min of input,Antibiotic,Rifinah,NIHR_HIC_ICU_0358,NIHR_HIC_ICU_0958\,Drugs,
X000206,206,Anti_microbials,Carbapenems,,Yes,g,numeric,9.9,NULL,ICIP,within 30 min of input,Antibiotic,Ertapenem,NIHR_HIC_ICU_0336 ,NIHR_HIC_ICU_0576\,Drugs,
X000207,207,Anti_microbials,Carbapenems,,Yes,g,numeric,9.9,NULL,ICIP,within 30 min of input,Antibiotic,Meropenem,NIHR_HIC_ICU_0345,NIHR_HIC_ICU_0967\,Drugs,
X000208,208,Anti_microbials,Cephalosporins,,Yes,g,numeric,9.9,NULL,ICIP,within 30 min of input,Antibiotic,Cefotaxime,NIHR_HIC_ICU_0322,NIHR_HIC_ICU_0987\,Drugs,
X000209,209,Anti_microbials,Cephalosporins,,Yes,g,numeric,9.9,NULL,ICIP,within 30 min of input,Antibiotic,Ceftazidime,NIHR_HIC_ICU_0323 ,NIHR_HIC_ICU_0588\,Drugs,
X000210,210,Anti_microbials,Cephalosporins,,Yes,g,numeric,9.9,NULL,ICIP,within 30 min of input,Antibiotic,Ceftriaxone,NIHR_HIC_ICU_0324 ,NIHR_HIC_ICU_0589\,Drugs,
X000211,211,Anti_microbials,Cephalosporins,,Yes,mg,numeric,9999,NULL,ICIP,within 30 min of input,Antibiotic,Cefuroxime,NIHR_HIC_ICU_0325 ,NIHR_HIC_ICU_0590\,Drugs,
X000212,212,Anti_microbials,Chloramphenicol,,Yes,mg,numeric,9999,NULL,ICIP,within 30 min of input,Antibiotic,Chloramphenicol,NIHR_HIC_ICU_0326 ,NIHR_HIC_ICU_0567\,Drugs,
X000213,213,Anti_microbials,Fusidanes,,Yes,mg,numeric,9999,NULL,ICIP,within 30 min of input,Antibiotic,Fusidic Acid,NIHR_HIC_ICU_0340,NIHR_HIC_ICU_0579\,Drugs,
X000214,214,Anti_microbials,Fusidanes,,Yes,mg,numeric,999,NULL,ICIP,within 30 min of input,Antibiotic,Sodium fusidate,NIHR_HIC_ICU_0360 ,NIHR_HIC_ICU_0960\,Drugs,
X000215,215,Anti_microbials,Glycopeptides,,Yes,mg,numeric,9999,NULL,ICIP,within 30 min of input,Antibiotic,Teicoplanin,NIHR_HIC_ICU_0361,NIHR_HIC_ICU_0961\,Drugs,
X000216,216,Anti_microbials,Glycopeptides,,Yes,mg,numeric,9999,NULL,ICIP,within 30 min of input,Antibiotic,Vancomycin,NIHR_HIC_ICU_0365 ,NIHR_HIC_ICU_0964\,Drugs,
X000217,217,Anti_microbials,Lincosamides,,Yes,mg,numeric,9999,NULL,ICIP,within 30 min of input,Antibiotic,Clindamycin,NIHR_HIC_ICU_0329,NIHR_HIC_ICU_0591\,Drugs,
X000218,218,Anti_microbials,Macrolides,,Yes,mg,numeric,9999,NULL,ICIP,within 30 min of input,Antibiotic,Azithromycin,NIHR_HIC_ICU_0320,NIHR_HIC_ICU_0986\,Drugs,
X000219,219,Anti_microbials,Macrolides,,Yes,mg,numeric,9999,NULL,ICIP,within 30 min of input,Antibiotic,Clarithromycin,NIHR_HIC_ICU_0328,NIHR_HIC_ICU_0594\,Drugs,
X000220,220,Anti_microbials,Macrolides,,Yes,mg,numeric,9999,NULL,ICIP,within 30 min of input,Antibiotic,Erythromycin,NIHR_HIC_ICU_0337,NIHR_HIC_ICU_0577\,Drugs,
X000221,221,Anti_microbials,Nitrofurans,,Yes,mg,numeric,999,NULL,ICIP,within 30 min of input,Antibiotic,Nitrofurantoin,NIHR_HIC_ICU_0349 ,NIHR_HIC_ICU_0580\,Drugs,
X000222,222,Anti_microbials,Nitroimidazole,,Yes,mg,numeric,999,NULL,ICIP,within 30 min of input,Antibiotic,Metronidazole,NIHR_HIC_ICU_0346,NIHR_HIC_ICU_0968\,Drugs,
X000223,223,Anti_microbials,Oxazolidinone,,Yes,mg,numeric,999,NULL,ICIP,within 30 min of input,Antibiotic,Linezolid,NIHR_HIC_ICU_0344,NIHR_HIC_ICU_0966\,Drugs,
X000224,224,Anti_microbials,Penicillins,,Yes,mg,numeric,9999,NULL,ICIP,within 30 min of input,Antibiotic,Amoxicillin,NIHR_HIC_ICU_0319 ,NIHR_HIC_ICU_0985\,Drugs,
X000225,225,Anti_microbials,Penicillins,,Yes,mg,numeric,9999,NULL,ICIP,within 30 min of input,Antibiotic,Benzylpenicillin,NIHR_HIC_ICU_0321,NIHR_HIC_ICU_0562\,Drugs,
X000226,226,Anti_microbials,Penicillins,,Yes,mg,numeric,9999,NULL,ICIP,within 30 min of input,Antibiotic,Co-Amoxiclav,NIHR_HIC_ICU_0330 ,NIHR_HIC_ICU_0571\,Drugs,
X000227,227,Anti_microbials,Penicillins,,Yes,mg,numeric,9999,NULL,ICIP,within 30 min of input,Antibiotic,Flucloxacillin,NIHR_HIC_ICU_0339,NIHR_HIC_ICU_0578\,Drugs,
X000228,228,Anti_microbials,Penicillins,,Yes,mg,numeric,9999,NULL,ICIP,within 30 min of input,Antibiotic,Phenoxymethylpenicillin,NIHR_HIC_ICU_0352,NIHR_HIC_ICU_0582\,Drugs,
X000229,229,Anti_microbials,Penicillins,,Yes,g,numeric,9.9,NULL,ICIP,within 30 min of input,Antibiotic,Piperacillin/Tazobactam,NIHR_HIC_ICU_0353 ,NIHR_HIC_ICU_0583\,Drugs,
X000230,230,Anti_microbials,Polymyxins,,Yes,megaunits,numeric,9.9,NULL,ICIP,within 30 min of input,Antibiotic,Colistin,NIHR_HIC_ICU_0331 ,NIHR_HIC_ICU_0572\,Drugs,
X000231,231,Anti_microbials,Quinolones,,Yes,mg,numeric,999,NULL,ICIP,within 30 min of input,Antibiotic,Ciprofloxacin,NIHR_HIC_ICU_0327,NIHR_HIC_ICU_0593\,Drugs,
X000232,232,Anti_microbials,Quinolones,,Yes,mg,numeric,999,NULL,ICIP,within 30 min of input,Antibiotic,Levofloxacin,NIHR_HIC_ICU_0343 ,NIHR_HIC_ICU_0965\,Drugs,
X000233,233,Anti_microbials,Quinolones,,Yes,mg,numeric,999,NULL,ICIP,within 30 min of input,Antibiotic,Moxifloxacin,NIHR_HIC_ICU_0347 ,NIHR_HIC_ICU_0969\,Drugs,
X000234,234,Anti_microbials,Quinolones,,Yes,mg,numeric,999,NULL,ICIP,within 30 min of input,Antibiotic,Ofloxacin,NIHR_HIC_ICU_0350 ,NIHR_HIC_ICU_0581\,Drugs,
X000235,235,Anti_microbials,Sulfonamides_trimethoprim,,Yes,mg,numeric,9999,NULL,ICIP,within 30 min of input,Antibiotic,Co-Trimoxazole,NIHR_HIC_ICU_0332 ,NIHR_HIC_ICU_0592\,Drugs,
X000236,236,Anti_microbials,Sulfonamides_trimethoprim,,Yes,mg,numeric,999,NULL,ICIP,within 30 min of input,Antibiotic,Trimethoprim,NIHR_HIC_ICU_0364 ,NIHR_HIC_ICU_0963\,Drugs,
X000237,237,Anti_microbials,Tetracyclines,,Yes,mg,numeric,999,NULL,ICIP,within 30 min of input,Antibiotic,Demeclocycline HCL,NIHR_HIC_ICU_0333 ,NIHR_HIC_ICU_0574\,Drugs,
X000238,238,Anti_microbials,Tetracyclines,,Yes,mg,numeric,999,NULL,ICIP,within 30 min of input,Antibiotic,Doxycycline,NIHR_HIC_ICU_0334 ,NIHR_HIC_ICU_0575\,Drugs,
X000239,239,Anti_microbials,Tetracyclines,,Yes,mg,numeric,999,NULL,ICIP,within 30 min of input,Antibiotic,Tigecycline,NIHR_HIC_ICU_0362,NIHR_HIC_ICU_0962\,Drugs,
X000240,240,CNS,Sedatives_continuous_infusion,Induction_agent,Yes,mg/hr,numeric,999,NULL,ICIP,within 30 min of input,Drug,Propofol,NIHR_HIC_ICU_0369,\,Drugs,
X000241,241,CNS,Sedatives_continuous_infusion,Barbiturates,Yes,mg/kg/hr,numeric,999,NULL,ICIP,within 30 min of input,Drug,Thiopental,NIHR_HIC_ICU_0876,NULL\,Drugs,
X000242,242,CNS,Sedatives_continuous_infusion,Benzodiazepines,Yes,mg/hr,numeric,99,NULL,ICIP,within 30 min of input,Drug,Midazolam,NIHR_HIC_ICU_0367 ,NULL\,Drugs,
X000243,243,CNS,Sedatives_continuous_infusion,Alpha_2_agonists,Yes,mcg/hr,numeric,999,NULL,ICIP,within 30 min of input,Drug,Clonidine,NIHR_HIC_ICU_0873 ,NULL\,Drugs,
X000244,244,CNS,Sedatives_continuous_infusion,Alpha_2_agonists,Yes,mcg/kg/min,numeric,9.9,NULL,ICIP,within 30 min of input,Drug,Dexmedetomidine,NIHR_HIC_ICU_0372 ,NULL\,Drugs,
X000245,245,CNS,Sedatives_continuous_infusion,Phencyclidines,Yes,mcg/kg/min,numeric,99.9,NULL,ICIP,within 30 min of input,Drug,Ketamine,NIHR_HIC_ICU_0874,NULL\,Drugs,
X000246,246,CNS,Analgesics,Opioids,Yes,mcg/hr,numeric,999,NULL,ICIP,within 30 min of input,Drug,Fentanyl,NIHR_HIC_ICU_0371,NULL\,Drugs,
X000247,247,CNS,Analgesics,Opioids,Yes,mg/hr,numeric,99,NULL,ICIP,within 30 min of input,Drug,Morphine,NIHR_HIC_ICU_0875,NULL\,Drugs,
X000248,248,CNS,Analgesics,Opioids,Yes,mcg/kg/min,numeric,9.9,NULL,ICIP,within 30 min of input,Drug,Remifentanil,NIHR_HIC_ICU_0368,NULL\,Drugs,
X000249,249,CVSvasoactive,Inotropes,Calcium_sensitiser,Yes,mcg/kg/min,numeric,9.9,NULL,ICIP,within 30 min of input,Drug,Levosimedan,NIHR_HIC_ICU_0892,NULL\,Drugs,
X000250,250,CVSvasoactive,Inotropes,Catecholamines,Yes,mcg/kg/min,numeric,9.99,NULL,ICIP,within 30 min of input,Drug,Adrenaline,NIHR_HIC_ICU_0888,NULL\,Drugs,
X000251,251,CVSvasoactive,Inotropes,Catecholamines,Yes,mcg/kg/min,numeric,99.9,NULL,ICIP,within 30 min of input,Drug,Dobutamine,NIHR_HIC_ICU_0889,NULL\,Drugs,
X000252,252,CVSvasoactive,Inotropes,Catecholamines,Yes,mcg/kg/min,numeric,99.9,NULL,ICIP,within 30 min of input,Drug,Dopamine,NIHR_HIC_ICU_0890,NULL\,Drugs,
X000253,253,CVSvasoactive,Inotropes,Catecholamines,Yes,mcg/kg/min,numeric,99.9,NULL,ICIP,within 30 min of input,Drug,Dopexamine,NIHR_HIC_ICU_0897 ,NULL\,Drugs,
X000254,254,CVSvasoactive,Inotropes,Phosphodiesterase_inhibitors,Yes,mcg/kg/min,numeric,99.9,NULL,ICIP,within 30 min of input,Drug,Enoximone,NIHR_HIC_ICU_0891 ,NULL\,Drugs,
X000255,255,CVSvasoactive,Inotropes,Phosphodiesterase_inhibitors,Yes,mcg/kg/min,numeric,9.9,NULL,ICIP,within 30 min of input,Drug,Milrinone,NIHR_HIC_ICU_0896 ,NULL\,Drugs,
X000256,256,CVSvasoactive,Vasopressors,Catecholamines,Yes,mcg/kg/min,numeric,9.99,NULL,ICIP,within 30 min of input,Drug,Noradrenaline (UCH),NIHR_HIC_ICU_0893 ,NULL\,Drugs,
X000257,257,CVSvasoactive,Vasopressors,Vasopressin,Yes,units/min,numeric,9.9,NULL,ICIP,within 30 min of input,Drug,Vasopressin,NIHR_HIC_ICU_0894,NULL\,Drugs,
X000258,258,CVSvasoactive,Vasopressors,Vasopressin_analogue,Yes,mg,numeric,99,NULL,ICIP,within 30 min of input,Drug,Terlipressin,NIHR_HIC_ICU_0867 ,\,Drugs,
X000259,259,CVSvasoactive,Adjuncts,IV_beta_blockers,Yes,mcg/kg/min,numeric,999,NULL,ICIP,within 30 min of input,Drug,Esmolol,NIHR_HIC_ICU_0920,NULL\,Drugs,
X000260,260,CVSvasoactive,Adjuncts,IV_beta_blockers,Yes,mg,numeric,99.9,NULL,ICIP,within 30 min of input,Drug,Metoprolol,NIHR_HIC_ICU_0921,NIHR_HIC_ICU_0981\,Drugs,
X000261,261,CVSvasoactive,Adjuncts,IV_steroids,Yes,mg,numeric,99,NULL,ICIP,within 30 min of input,Drug,Dexamethasone,NIHR_HIC_ICU_0922 ,NIHR_HIC_ICU_0982\,Drugs,
X000262,262,CVSvasoactive,Adjuncts,IV_steroids,Yes,mg,numeric,999,NULL,ICIP,within 30 min of input,Drug,Hydrocortisone,NIHR_HIC_ICU_0923 ,NIHR_HIC_ICU_0983\,Drugs,
X000263,263,CVSvasoactive,Adjuncts,IV_steroids,Yes,mg,numeric,999,NULL,ICIP,within 30 min of input,Drug,Methylprednisolone,NIHR_HIC_ICU_0924,NIHR_HIC_ICU_0984\,Drugs,
X000264,264,,Admission2,,,,,,,,,,,,,,
X000265,265,,Physiology3,,,,,,,,,,,,,,
X000266,266,,Physiology3,,,,,,,,,,,,,,
X000267,267,,Physiology3,,,,,,,,,,,,,,
X000268,268,,Outcome2,,,,,,,,,,,,,,
X000269,269,,Reason for Admission1,,,,,,,,,,,,,,
X000270,270,,Outcome1,,,,,,,,,,,,,,
X000271,271,,Outcome1,,,,,,,,,,,,,,
X000272,272,,Infection1,,,,,,,,,,,,,,
X000273,273,,Admission2,,,,,,,,,,,,,,
X000274,274,,Admission2,,,,,,,,,,,,,,
X000275,275,,Admission2,,,,,,,,,,,,,,
X000276,276,,Admission1,,,,,,,,,,,,,,
X000277,277,,Outcome2,,,,,,,,,,,,,,
X000278,278,,Physiology1,,,,,,,,,,,,,,
X000279,279,,Past Medical History1,,,,,,,,,,,,,,
X000280,280,,Physiology4,,,,,,,,,,,,,,
X000281,281,,Physiology1,,,,,,,,,,,,,,
X000282,282,,Admission2,,,,,,,,,,,,,,
X000283,283,,Admission2,,,,,,,,,,,,,,
X000284,284,,Physiology2,,,,,,,,,,,,,,
X000285,285,,Physiology3,,,,,,,,,,,,,,
X000286,286,,Physiology1,,,,,,,,,,,,,,
X000287,287,,Physiology2,,,,,,,,,,,,,,
X000288,288,,Physiology3,,,,,,,,,,,,,,
X000289,289,,Physiology2,,,,,,,,,,,,,,
X000290,290,,Physiology1,,,,,,,,,,,,,,
X000291,291,,Physiology2,,,,,,,,,,,,,,
X000292,292,,Physiology2,,,,,,,,,,,,,,
X000293,293,,Physiology1,,,,,,,,,,,,,,
X000294,294,,Physiology1,,,,,,,,,,,,,,
X000295,295,,Physiology1,,,,,,,,,,,,,,
X000296,296,,Admission4,,,,,,,,,,,,,,
X000297,297,,Physiology2,,,,,,,,,,,,,,
X000298,298,,Physiology1,,,,,,,,,,,,,,
X000299,299,,Physiology3,,,,,,,,,,,,,,
X000300,300,,Admission2,,,,,,,,,,,,,,
X000301,301,,Physiology1,,,,,,,,,,,,,,
X000302,302,,Reason for Admission1,,,,,,,,,,,,,,
X000303,303,,Physiology1,,,,,,,,,,,,,,
X000304,304,,Physiology4,,,,,,,,,,,,,,
X000305,305,,Physiology3,,,,,,,,,,,,,,
X000306,306,,Physiology1,,,,,,,,,,,,,,
X000307,307,,Physiology4,,,,,,,,,,,,,,
X000308,308,,Physiology2,,,,,,,,,,,,,,
X000309,309,,Physiology3,,,,,,,,,,,,,,
X000310,310,,Physiology2,,,,,,,,,,,,,,
X000311,311,,Physiology1,,,,,,,,,,,,,,
X000312,312,,Physiology2,,,,,,,,,,,,,,
X000313,313,,Physiology2,,,,,,,,,,,,,,
X000314,314,,Physiology1,,,,,,,,,,,,,,
X000315,315,,Physiology1,,,,,,,,,,,,,,
X000316,316,,Physiology3,,,,,,,,,,,,,,
X000317,317,,Physiology1,,,,,,,,,,,,,,
X000318,318,,Physiology4,,,,,,,,,,,,,,
X000319,319,,Physiology1,,,,,,,,,,,,,,
X000320,320,,Physiology4,,,,,,,,,,,,,,
X000321,321,,Physiology1,,,,,,,,,,,,,,
X000322,322,,Physiology3,,,,,,,,,,,,,,
X000323,323,,Physiology1,,,,,,,,,,,,,,
X000324,324,,Physiology2,,,,,,,,,,,,,,
X000325,325,,Physiology3,,,,,,,,,,,,,,
X000326,326,,Physiology2,,,,,,,,,,,,,,
X000327,327,,Physiology3,,,,,,,,,,,,,,
X000328,328,,Physiology2,,,,,,,,,,,,,,
X000329,329,,Physiology2,,,,,,,,,,,,,,
X000330,330,,Physiology2,,,,,,,,,,,,,,
X000331,331,,Admission2,,,,,,,,,,,,,,
X000332,332,,Physiology4,,,,,,,,,,,,,,
X000333,333,,Infection1,,,,,,,,,,,,,,
X000334,334,,Physiology3,,,,,,,,,,,,,,
X000335,335,,Physiology4,,,,,,,,,,,,,,
X000336,336,,Infection1,,,,,,,,,,,,,,
X000337,337,,Physiology2,,,,,,,,,,,,,,
X000338,338,,Physiology3,,,,,,,,,,,,,,
X000339,339,,Physiology3,,,,,,,,,,,,,,
X000340,340,,Physiology4,,,,,,,,,,,,,,
X000341,341,,Admission2,,,,,,,,,,,,,,
X000342,342,,Admission2,,,,,,,,,,,,,,
X000343,343,,Admission2,,,,,,,,,,,,,,
X000344,344,,Admission2,,,,,,,,,,,,,,
X000345,345,,Admission2,,,,,,,,,,,,,,
X000346,346,,Infection1,,,,,,,,,,,,,,
X000347,347,,Admission2,,,,,,,,,,,,,,
X000348,348,,Physiology2,,,,,,,,,,,,,,
X000349,349,,Physiology1,,,,,,,,,,,,,,
X000350,350,,Physiology1,,,,,,,,,,,,,,
X000351,351,,Physiology3,,,,,,,,,,,,,,
X000352,352,,Physiology1,,,,,,,,,,,,,,
X000353,353,,Physiology1,,,,,,,,,,,,,,
X000354,354,,Physiology2,,,,,,,,,,,,,,
X000355,355,,Physiology3,,,,,,,,,,,,,,
X000356,356,,Physiology2,,,,,,,,,,,,,,
X000357,357,,Physiology1,,,,,,,,,,,,,,
X000358,358,,Physiology2,,,,,,,,,,,,,,
X000359,359,,Past Medical History1,,,,,,,,,,,,,,
X000360,360,,Physiology2,,,,,,,,,,,,,,
X000361,361,,Physiology3,,,,,,,,,,,,,,
X000362,362,,Physiology2,,,,,,,,,,,,,,
X000363,363,,Physiology3,,,,,,,,,,,,,,
X000364,364,,Physiology4,,,,,,,,,,,,,,
X000365,365,,Physiology4,,,,,,,,,,,,,,
X000366,366,,Admission3,,,,,,,,,,,,,,
X000367,367,,Outcome2,,,,,,,,,,,,,,
X000368,368,,,,,,,,,,,,,,,,
X000369,369,,Outcome3,,,,,,,,,,,,,,
X000370,370,,Physiology3,,,,,,,,,,,,,,
X000371,371,,Physiology4,,,,,,,,,,,,,,
X000372,372,,Infection1,,,,,,,,,,,,,,
