e_UI,snomed_code,human_readable_name,destination,destination_id,destination_name,destination_hierachy,valid,date_modified,modified_by
X000001,,,ICNARC,ICNNO,CMP number,,,,
X000001,,,HICDS1,NIHR_HIC_ICU_0002,Site code (ICNARC CMP number),,,,
X000001,,,ICIP,,,,,,
X000001,,,SNOMED,,,,,,
X000002,,,ICNARC,NULL,,,,,
X000002,,,HICDS1,NIHR_HIC_ICU_0006,CCU bed configuration 02,,,,
X000002,,,ICIP,,,,,,
X000002,,,SNOMED,,,,,,
X000003,,,ICNARC,NULL,,,,,
X000003,,,HICDS1,NIHR_HIC_ICU_0395,CCU bed configuration 03,,,,
X000003,,,ICIP,,,,,,
X000003,,,SNOMED,,,,,,
X000004,,,ICNARC,NULL,,,,,
X000004,,,HICDS1,NIHR_HIC_ICU_0396,CCU bed configuration 05,,,,
X000004,,,ICIP,,,,,,
X000004,,,SNOMED,,,,,,
X000005,,,ICNARC,NULL,,,,,
X000005,,,HICDS1,NIHR_HIC_ICU_0397,CCU bed configuration 90,,,,
X000005,,,ICIP,,,,,,
X000005,,,SNOMED,,,,,,
X000006,,,ICNARC,NHSNO,NHS number,,,,
X000006,,,HICDS1,NIHR_HIC_ICU_0073,NHS number,,,,
X000006,,,ICIP,,,,,,
X000006,,,SNOMED,,,,,,
X000007,,,ICNARC,NULL,,,,,
X000007,,,HICDS1,NIHR_HIC_ICU_0001,PAS number,,,,
X000007,,,ICIP,,,,,,
X000007,,,SNOMED,,,,,,
X000008,,,ICNARC,ADNO,Admission number,,,,
X000008,,,HICDS1,NIHR_HIC_ICU_0005,Critical care local identifier / ICNARC admission number,,,,
X000008,,,ICIP,,,,,,
X000008,,,SNOMED,,,,,,
X000009,,,ICNARC,DOB,Date of birth,,,,
X000009,,,HICDS1,NIHR_HIC_ICU_0033,Date of birth,,,,
X000009,,,ICIP,,,,,,
X000009,,,SNOMED,,,,,,
X000010,,,ICNARC,PCODE,Postcode,,,,
X000010,,,HICDS1,NIHR_HIC_ICU_0076,Postcode,,,,
X000010,,,ICIP,,,,,,
X000010,,,SNOMED,,,,,,
X000011,,,ICNARC,GPCODE,,,,,
X000011,,,HICDS1,NIHR_HIC_ICU_0003,Code of GP,,,,
X000011,,,ICIP,,,,,,
X000011,,,SNOMED,,,,,,
X000012,,,ICNARC,ETHNIC,Ethnicity,,,,
X000012,,,HICDS1,NIHR_HIC_ICU_0058,Ethnicity,,,,
X000012,,,ICIP,,,,,,
X000012,,,SNOMED,,,,,,
X000013,,,ICNARC,SEX,Sex,,,,
X000013,,,HICDS1,NIHR_HIC_ICU_0093,Sex,,,,
X000013,,,ICIP,,,,,,
X000013,,,SNOMED,,,,,,
X000014,,,ICNARC,HCM,Height,,,,
X000014,,,HICDS1,NIHR_HIC_ICU_0017,Height,,,,
X000014,,,ICIP,,,,,,
X000014,,,SNOMED,,,,,,
X000015,,,ICNARC,HCMEST,Height estimated,,,,
X000015,,,HICDS1,NIHR_HIC_ICU_0018,Height (Source),,,,
X000015,,,ICIP,,,,,,
X000015,,,SNOMED,,,,,,
X000016,,,ICNARC,WKG,Weight,,,,
X000016,,,HICDS1,NIHR_HIC_ICU_0019,Weight,,,,
X000016,,,ICIP,,,,,,
X000016,,,SNOMED,,,,,,
X000017,,,ICNARC,WKGEST,Weight estimated,,,,
X000017,,,HICDS1,NIHR_HIC_ICU_0020,Weight (Source),,,,
X000017,,,ICIP,,,,,,
X000017,,,SNOMED,,,,,,
X000018,,,ICNARC,DAH,Date of admission to your hospital,,,,
X000018,,,HICDS1,NIHR_HIC_ICU_0032,Date of admission to your hospital,,,,
X000018,,,ICIP,,,,,,
X000018,,,SNOMED,,,,,,
X000019,,,ICNARC,DAICU,Date of admission to your unit,,,,
X000019,,,HICDS1,NIHR_HIC_ICU_0411,Date & Time of admission to your unit,,,,
X000019,,,ICIP,,,,,,
X000019,,,SNOMED,,,,,,
X000020,,,ICNARC,DWFRD,Date when fully ready to discharge,,,,
X000020,,,HICDS1,NIHR_HIC_ICU_0050,Date fully ready for discharge,,,,
X000020,,,ICIP,,,,,,
X000020,,,SNOMED,,,,,,
X000021,,,ICNARC,TWFRD,Time when fully ready to discharge,,,,
X000021,,,HICDS1,NIHR_HIC_ICU_0051,Time fully ready for discharge,,,,
X000021,,,ICIP,,,,,,
X000021,,,SNOMED,,,,,,
X000022,,,ICNARC,DDICU,Date of discharge from your unit,,,,
X000022,,,HICDS1,NIHR_HIC_ICU_0412,Date & Time of discharge from your unit,,,,
X000022,,,ICIP,,,,,,
X000022,,,SNOMED,,,,,,
X000023,,,ICNARC,DUDICU,Date of ultimate discharge from ICU/HDU,,,,
X000023,,,HICDS1,NIHR_HIC_ICU_0037,Date of ultimate discharge from ICU/HDU,,,,
X000023,,,ICIP,,,,,,
X000023,,,SNOMED,,,,,,
X000024,,,ICNARC,DDH,Date of discharge from your hospital,,,,
X000024,,,HICDS1,NIHR_HIC_ICU_0406,Date of discharge from your hospital,,,,
X000024,,,ICIP,,,,,,
X000024,,,SNOMED,,,,,,
X000025,,,ICNARC,DUDH,Date of ultimate discharge from hospital,,,,
X000025,,,HICDS1,NIHR_HIC_ICU_0408,Date of ultimate discharge from your hospital,,,,
X000025,,,ICIP,,,,,,
X000025,,,SNOMED,,,,,,
X000026,,,ICNARC,UDIS,Status at ultimate discharge from ICU/HDU,,,,
X000026,,,HICDS1,NIHR_HIC_ICU_0930,Status at ultimate discharge from ICUHDU,,,,
X000026,,,ICIP,,,,,,
X000026,,,SNOMED,,,,,,
X000027,,,ICNARC,RESA,Residence prior to admission to acute hospital,,,,
X000027,,,HICDS1,NIHR_HIC_ICU_0085,Residence prior to admission to acute hospital,,,,
X000027,,,ICIP,,,,,,
X000027,,,SNOMED,,,,,,
X000028,,,ICNARC,HLOCA,Hospital housing non-transient location (in),,,,
X000028,,,HICDS1,NIHR_HIC_ICU_0065,Hospital housing location (in),,,,
X000028,,,ICIP,,,,,,
X000028,,,SNOMED,,,,,,
X000029,,,ICNARC,LOCA,Location (in),,,,
X000029,,,HICDS1,NIHR_HIC_ICU_0068,Location (in),,,,
X000029,,,ICIP,,,,,,
X000029,,,SNOMED,,,,,,
X000030,,,ICNARC,PA_V3,Admission type,,,,
X000030,,,HICDS1,NIHR_HIC_ICU_0398,Admission type,,,,
X000030,,,ICIP,,,,,,
X000030,,,SNOMED,,,,,,
X000031,,,ICNARC,SCODE,Specialty code prior to admission to your unit,,,,
X000031,,,HICDS1,NIHR_HIC_ICU_0004,Treatment function code,,,,
X000031,,,ICIP,,,,,,
X000031,,,SNOMED,,,,,,
X000032,,,ICNARC,CLASSNS,Classification of surgery,,,,
X000032,,,HICDS1,NIHR_HIC_ICU_0027,classification of surgery,,,,
X000032,,,ICIP,,,,,,
X000032,,,SNOMED,,,,,,
X000033,,,ICNARC,CCL2D,Level 2 days,,,,
X000033,,,HICDS1,NIHR_HIC_ICU_0007,Level 2 (HDU) days,,,,
X000033,,,ICIP,,,,,,
X000033,,,SNOMED,,,,,,
X000034,,,ICNARC,CCL3D,Level 3 days,,,,
X000034,,,HICDS1,NIHR_HIC_ICU_0008,Level 3 (ICU) days,,,,
X000034,,,ICIP,,,,,,
X000034,,,SNOMED,,,,,,
X000035,,,ICNARC,RDIS_V3,Reason for discharge from your unit,,,,
X000035,,,HICDS1,NIHR_HIC_ICU_0081,Discharge status (Reason for discharge from your unit),,,,
X000035,,,ICIP,,,,,,
X000035,,,SNOMED,,,,,,
X000036,,,ICNARC,LOCD,Location (out),,,,
X000036,,,HICDS1,NIHR_HIC_ICU_0069,Discharge location (location out),,,,
X000036,,,ICIP,,,,,,
X000036,,,SNOMED,,,,,,
X000037,,,ICNARC,TNESSD,Timeliness of discharge from your unit,,,,
X000037,,,HICDS1,NIHR_HIC_ICU_0405,Timeliness of discharge from your unit,,,,
X000037,,,ICIP,,,,,,
X000037,,,SNOMED,,,,,,
X000038,,,ICNARC,LEVD,Level of care received at discharge from your unit,,,,
X000038,,,HICDS1,NIHR_HIC_ICU_0066,Level of care at discharge from your unit,,,,
X000038,,,ICIP,,,,,,
X000038,,,SNOMED,,,,,,
X000039,,,ICNARC,DIS,Status at discharge from your unit,,,,
X000039,,,HICDS1,NIHR_HIC_ICU_0097,Dead or alive on discharge,,,,
X000039,,,ICIP,,,,,,
X000039,,,SNOMED,,,,,,
X000040,,,ICNARC,DOAH,Date of original admission to/attendance at acute hospital,,,,
X000040,,,HICDS1,NIHR_HIC_ICU_0035,Date of original admission to/attendance at acute hospital,,,,
X000040,,,ICIP,,,,,,
X000040,,,SNOMED,,,,,,
X000041,,,ICNARC,SOHA,Sector of other hospital (in),,,,
X000041,,,HICDS1,NIHR_HIC_ICU_0089,Sector of other hospital (in),,,,
X000041,,,ICIP,,,,,,
X000041,,,SNOMED,,,,,,
X000042,,,ICNARC,PLOCA,Prior location (in),,,,
X000042,,,HICDS1,NIHR_HIC_ICU_0077,Prior location (in),,,,
X000042,,,ICIP,,,,,,
X000042,,,SNOMED,,,,,,
X000043,,,ICNARC,TUADNO,Transferring unit admission number,,,,
X000043,,,HICDS1,NIHR_HIC_ICU_0100,Transferring unit admission number,,,,
X000043,,,ICIP,,,,,,
X000043,,,SNOMED,,,,,,
X000044,,,ICNARC,DOAICU,Date of original admission to ICU/HDU,,,,
X000044,,,HICDS1,NIHR_HIC_ICU_0036,Date of original admission to ICU/HDU,,,,
X000044,,,ICIP,,,,,,
X000044,,,SNOMED,,,,,,
X000045,,,ICNARC,TUIDI,Transferring unit identifier (in),,,,
X000045,,,HICDS1,NIHR_HIC_ICU_0101,Transferring unit identifier (in),,,,
X000045,,,ICIP,,,,,,
X000045,,,SNOMED,,,,,,
X000046,,,ICNARC,TYPEIHA,Type of adult ICU/HDU (in),,,,
X000046,,,HICDS1,NIHR_HIC_ICU_0104,Type of adult ICU/HDU (in),,,,
X000046,,,ICIP,,,,,,
X000046,,,SNOMED,,,,,,
X000047,,,ICNARC,TGA,Adult ICU/HDU within your critical care transfer group (in),,,,
X000047,,,HICDS1,NIHR_HIC_ICU_0013,Adult ICU/HDU within your critical care transfer group (in),,,,
X000047,,,ICIP,,,,,,
X000047,,,SNOMED,,,,,,
X000048,,,ICNARC,CCA,Critical care visit prior to this admission to your unit,,,,
X000048,,,HICDS1,NIHR_HIC_ICU_0031,Critical care visit prior to this admission to your unit,,,,
X000048,,,ICIP,,,,,,
X000048,,,SNOMED,,,,,,
X000049,,,ICNARC,DLCCA,Date of last critical care visit prior to this admission to your unit,,,,
X000049,,,HICDS1,NIHR_HIC_ICU_0034,Date of last critical care visit prior to this admission to your unit,,,,
X000049,,,ICIP,,,,,,
X000049,,,SNOMED,,,,,,
X000050,,,ICNARC,HLOCD,Hospital housing location (out),,,,
X000050,,,HICDS1,NIHR_HIC_ICU_0057,Hospital housing location (out),,,,
X000050,,,ICIP,,,,,,
X000050,,,SNOMED,,,,,,
X000051,,,ICNARC,SOHD,Sector of other hospital (out),,,,
X000051,,,HICDS1,NIHR_HIC_ICU_0090,Sector of other hospital (out),,,,
X000051,,,ICIP,,,,,,
X000051,,,SNOMED,,,,,,
X000052,,,ICNARC,TYPEIHD,Type of adult ICU/HDU (out),,,,
X000052,,,HICDS1,NIHR_HIC_ICU_0568,Type of adult ICU/HDU (out),,,,
X000052,,,ICIP,,,,,,
X000052,,,SNOMED,,,,,,
X000053,,,ICNARC,TGD,Adult ICU/HDU within your critical care transfer group (out),,,,
X000053,,,HICDS1,NIHR_HIC_ICU_0014,Adult ICU/HDU within your critical care transfer group (out),,,,
X000053,,,ICIP,,,,,,
X000053,,,SNOMED,,,,,,
X000054,,,ICNARC,HDIS,Status at discharge from your hospital,,,,
X000054,,,HICDS1,NIHR_HIC_ICU_0095,Status at discharge from your hospital,,,,
X000054,,,ICIP,,,,,,
X000054,,,SNOMED,,,,,,
X000055,,,ICNARC,CCD,Critical care visit post-discharge from your unit,,,,
X000055,,,HICDS1,NIHR_HIC_ICU_0030,Critical care visit post-discharge from your unit,,,,
X000055,,,ICIP,,,,,,
X000055,,,SNOMED,,,,,,
X000056,,,ICNARC,DFCCD,Date of first critical care visit post-discharge from your unit,,,,
X000056,,,HICDS1,NIHR_HIC_ICU_0407,Date of first critical care post-discharge from your unit,,,,
X000056,,,ICIP,,,,,,
X000056,,,SNOMED,,,,,,
X000057,,,ICNARC,DESTH_V3,Destination post-discharge from your hospital,,,,
X000057,,,HICDS1,NIHR_HIC_ICU_0573,Destination post discharge within your hospital,,,,
X000057,,,ICIP,,,,,,
X000057,,,SNOMED,,,,,,
X000058,,,ICNARC,RESD,Residence post-discharge from acute hospital,,,,
X000058,,,HICDS1,NIHR_HIC_ICU_0084,Residence post discharge from acute hospital,,,,
X000058,,,ICIP,,,,,,
X000058,,,SNOMED,,,,,,
X000059,,,ICNARC,UHDIS,Status at ultimate discharge from hospital,,,,
X000059,,,HICDS1,NIHR_HIC_ICU_0098,Status at ultimate discharge from hospital,,,,
X000059,,,ICIP,,,,,,
X000059,,,SNOMED,,,,,,
X000060,,,ICNARC,PSP,Admission for pre-surgical preparation,,,,
X000060,,,HICDS1,NIHR_HIC_ICU_0011,Admission for pre-surgical preparation,,,,
X000060,,,ICIP,,,,,,
X000060,,,SNOMED,,,,,,
X000061,,,ICNARC,CPR_V3,Cardiopulmonary resuscitation (CPR) within 24 hours prior to admission to your unit,,,,
X000061,,,HICDS1,NIHR_HIC_ICU_0021,Cardiopulmonary resuscitation within 24 hours prior to admission to unit,,,,
X000061,,,ICIP,,,,,,
X000061,,,SNOMED,,,,,,
X000062,,,ICNARC,RAICU1,Primary reason for admission to your unit,,,,
X000062,,,HICDS1,NIHR_HIC_ICU_0399,Primary reason for admission to your unit,,,,
X000062,,,ICIP,,,,,,
X000062,,,SNOMED,,,,,,
X000063,,,ICNARC,RAICU2,Secondary reason for admission to your unit,,,,
X000063,,,HICDS1,NIHR_HIC_ICU_0088,Secondary reasons for admission to your unit,,,,
X000063,,,ICIP,,,,,,
X000063,,,SNOMED,,,,,,
X000064,,,ICNARC,URAICU,Ultimate primary reason for admission to your unit,,,,
X000064,,,HICDS1,NIHR_HIC_ICU_0912,Ultimate primary reason for admission to unit,,,,
X000064,,,ICIP,,,,,,
X000064,,,SNOMED,,,,,,
X000065,,,ICNARC,CHEMOX,Chemotherapy,,,,
X000065,,,HICDS1,NIHR_HIC_ICU_0024,Chemotherapy (within the last 6months) steroids alone excluded,,,,
X000065,,,ICIP,PMH,,,,,
X000065,,,SNOMED,,,,,,
X000066,,,ICNARC,RADIOX,Radiotherapy,,,,
X000066,,,HICDS1,NIHR_HIC_ICU_0080,Radiotherapy,,,,
X000066,,,ICIP,PMH,,,,,
X000066,,,SNOMED,,,,,,
X000067,,,ICNARC,CICIDS,Congenital immunohumoral or cellular immune deficiency state,,,,
X000067,,,HICDS1,NIHR_HIC_ICU_0029,Congenital immunohumoral or cellular immune deficiency state,,,,
X000067,,,ICIP,PMH,,,,,
X000067,,,SNOMED,,,,,,
X000068,,,ICNARC,AMLALLMM,Acute myelogenous/lymphocytic leukaemia or multiple myeloma,,,,
X000068,,,HICDS1,NIHR_HIC_ICU_0010,Acute myeloid/lymphocytic leukaemia or myeloma,,,,
X000068,,,ICIP,PMH,,,,,
X000068,,,SNOMED,,,,,,
X000069,,,ICNARC,CMLCLL,Chronic myelogenous/lymphocytic leukaemia,,,,
X000069,,,HICDS1,NIHR_HIC_ICU_0025,Chronic myelogenous /lymphocytic leukaemia,,,,
X000069,,,ICIP,PMH,,,,,
X000069,,,SNOMED,,,,,,
X000070,,,ICNARC,LYM,Lymphoma,,,,
X000070,,,HICDS1,NIHR_HIC_ICU_0070,Lymphoma,,,,
X000070,,,ICIP,PMH,,,,,
X000070,,,SNOMED,,,,,,
X000071,,,ICNARC,META,Metastatic disease,,,,
X000071,,,HICDS1,NIHR_HIC_ICU_0071,Metastatic disease,,,,
X000071,,,ICIP,PMH,,,,,
X000071,,,SNOMED,,,,,,
X000072,,,ICNARC,CRRX,Chronic renal replacement therapy,,,,
X000072,,,HICDS1,NIHR_HIC_ICU_0026,Chronic renal replacement therapy,,,,
X000072,,,ICIP,PMH,,,,,
X000072,,,SNOMED,,,,,,
X000073,,,ICNARC,BPC,Biopsy proven cirrhosis,,,,
X000073,,,HICDS1,NIHR_HIC_ICU_0016,Biopsy proven cirrhosis,,,,
X000073,,,ICIP,PMH,,,,,
X000073,,,SNOMED,,,,,,
X000074,,,ICNARC,HE,Hepatic encephalopathy,,,,
X000074,,,HICDS1,NIHR_HIC_ICU_0060,Heaptic encephalopathy,,,,
X000074,,,ICIP,PMH,,,,,
X000074,,,SNOMED,,,,,,
X000075,,,ICNARC,PH,Portal hypertension,,,,
X000075,,,HICDS1,NIHR_HIC_ICU_0075,Portal hypertension,,,,
X000075,,,ICIP,PMH,,,,,
X000075,,,SNOMED,,,,,,
X000076,,,ICNARC,AIDS_V3,HIV/AIDS,,,,
X000076,,,HICDS1,NIHR_HIC_ICU_0062,HIV/AIDS,,,,
X000076,,,ICIP,PMH,,,,,
X000076,,,SNOMED,,,,,,
X000077,,,ICNARC,HV,Home ventilation,,,,
X000077,,,HICDS1,NIHR_HIC_ICU_0063,Home ventilation,,,,
X000077,,,ICIP,PMH,,,,,
X000077,,,SNOMED,,,,,,
X000078,,,ICNARC,SRD,Severe respiratory disease,,,,
X000078,,,HICDS1,NIHR_HIC_ICU_0092,Severe respiratory disease,,,,
X000078,,,ICIP,PMH,,,,,
X000078,,,SNOMED,,,,,,
X000079,,,ICNARC,STERX,Steroid treatment,,,,
X000079,,,HICDS1,NIHR_HIC_ICU_0099,Steroid treatment,,,,
X000079,,,ICIP,PMH,,,,,
X000079,,,SNOMED,,,,,,
X000080,,,ICNARC,VSCD,Very severe cardiovascular disease,,,,
X000080,,,HICDS1,NIHR_HIC_ICU_0107,Very severe cardiovascular disease,,,,
X000080,,,ICIP,PMH,,,,,
X000080,,,SNOMED,,,,,,
X000081,,,ICNARC,OCPMH,Other condition in past medical history relevant to this admission,,,,
X000081,,,HICDS1,NIHR_HIC_ICU_0074,Other condition in past medical history,,,,
X000081,,,ICIP,PMH,,,,,
X000081,,,SNOMED,,,,,,
X000082,,,ICNARC,DEP,Dependency prior to admission to acute hospital,,,,
X000082,,,HICDS1,NIHR_HIC_ICU_0055,Dependency prior to admission,,,,
X000082,,,ICIP,PMH,,,,,
X000082,,,SNOMED,,,,,,
X000083,,,ICNARC,NULL,,,,,
X000083,,,HICDS1,NIHR_HIC_ICU_0409,APACHE II Score,,,,
X000083,,,ICIP,,,,,,
X000083,,,SNOMED,,,,,,
X000084,,,ICNARC,NULL,,,,,
X000084,,,HICDS1,NIHR_HIC_ICU_0410,APACHE II Probability,,,,
X000084,,,ICIP,,,,,,
X000084,,,SNOMED,,,,,,
X000085,,,ICNARC,TNESSA,Timeliness of admission to your unit,,,,
X000085,,,HICDS1,NIHR_HIC_ICU_0053,Delayed admission,,,,
X000085,,,ICIP,,,,,,
X000085,,,SNOMED,,,,,,
X000086,,,ICNARC,DHRS,Delay,,,,
X000086,,,HICDS1,NIHR_HIC_ICU_0054,Delay,,,,
X000086,,,ICIP,,,,,,
X000086,,,SNOMED,,,,,,
X000087,,,ICNARC,AMUAI,Antimicrobial use after 48 hours in your unit,,,,
X000087,,,HICDS1,NIHR_HIC_ICU_0015,Antimicrobial use after 48 hours in your unit,,,,
X000087,,,ICIP,,,,,,
X000087,,,SNOMED,,,,,,
X000088,,,ICNARC,TOTOS,,,,,
X000088,,,HICDS1,NIHR_HIC_ICU_0009,Organ support maximum,,,,
X000088,,,ICIP,,,,,,
X000088,,,SNOMED,,,,,,
X000089,,,ICNARC,ARSD,Advanced respiratory support days,,,,
X000089,,,HICDS1,NIHR_HIC_ICU_0087,Advanced respiratory support days,,,,
X000089,,,ICIP,,,,,,
X000089,,,SNOMED,,,,,,
X000090,,,ICNARC,BRSD,Basic respiratory support days,,,,
X000090,,,HICDS1,NIHR_HIC_ICU_0086,Basic respiratory support days,,,,
X000090,,,ICIP,,,,,,
X000090,,,SNOMED,,,,,,
X000091,,,ICNARC,ACSD,Advanced cardiovascular support days,,,,
X000091,,,HICDS1,NIHR_HIC_ICU_0023,Advanced Cardiovascular support days,,,,
X000091,,,ICIP,,,,,,
X000091,,,SNOMED,,,,,,
X000092,,,ICNARC,BCSD,Basic cardiovascular support days,,,,
X000092,,,HICDS1,NIHR_HIC_ICU_0022,Basic Cardiovascular support days,,,,
X000092,,,ICIP,,,,,,
X000092,,,SNOMED,,,,,,
X000093,,,ICNARC,RSD,Renal support days,,,,
X000093,,,HICDS1,NIHR_HIC_ICU_0083,Renal support days,,,,
X000093,,,ICIP,,,,,,
X000093,,,SNOMED,,,,,,
X000094,,,ICNARC,NSD,Neurological support days,,,,
X000094,,,HICDS1,NIHR_HIC_ICU_0072,Neurological support days,,,,
X000094,,,ICIP,,,,,,
X000094,,,SNOMED,,,,,,
X000095,,,ICNARC,LSD,Liver support days,,,,
X000095,,,HICDS1,NIHR_HIC_ICU_0067,Liver support days,,,,
X000095,,,ICIP,,,,,,
X000095,,,SNOMED,,,,,,
X000096,,,ICNARC,DSD,Dermatological support days,,,,
X000096,,,HICDS1,NIHR_HIC_ICU_0056,Dermatological support days,,,,
X000096,,,ICIP,,,,,,
X000096,,,SNOMED,,,,,,
X000097,,,ICNARC,GSD,Gastrointestinal support days,,,,
X000097,,,HICDS1,NIHR_HIC_ICU_0059,Gastrointestinal support days,,,,
X000097,,,ICIP,,,,,,
X000097,,,SNOMED,,,,,,
X000098,,,ICNARC,ITW_V3,Treatment withheld/withdrawn,,,,
X000098,,,HICDS1,NIHR_HIC_ICU_0103,Treatment withheld/withdrawn,,,,
X000098,,,ICIP,,,,,,
X000098,,,SNOMED,,,,,,
X000099,,,ICNARC,DTW,Date treatment first withdrawn,,,,
X000099,,,HICDS1,NIHR_HIC_ICU_0048,Date treatment first withdrawn,,,,
X000099,,,ICIP,,,,,,
X000099,,,SNOMED,,,,,,
X000100,,,ICNARC,TTW,Time treatment first withdrawn,,,,
X000100,,,HICDS1,NIHR_HIC_ICU_0049,Time treatment first withdrawn,,,,
X000100,,,ICIP,,,,,,
X000100,,,SNOMED,,,,,,
X000101,,,ICNARC,BSDTP,Brainstem death declared,,,,
X000101,,,HICDS1,NIHR_HIC_ICU_0400,Brain stem death declared,,,,
X000101,,,ICIP,,,,,,
X000101,,,SNOMED,,,,,,
X000102,,,ICNARC,DDBSD,Date of declaration of brainstem death,,,,
X000102,,,HICDS1,NIHR_HIC_ICU_0044,Date of declaration of brain stem death,,,,
X000102,,,ICIP,,,,,,
X000102,,,SNOMED,,,,,,
X000103,,,ICNARC,TDBSD,Time of declaration of brainstem death,,,,
X000103,,,HICDS1,NIHR_HIC_ICU_0045,Time of declaration of brain stem death,,,,
X000103,,,ICIP,,,,,,
X000103,,,SNOMED,,,,,,
X000104,,,ICNARC,DOD,Date of death,,,,
X000104,,,HICDS1,NIHR_HIC_ICU_0042,Date of death on yout unit,,,,
X000104,,,ICIP,,,,,,
X000104,,,SNOMED,,,,,,
X000105,,,ICNARC,TOD,Time of death,,,,
X000105,,,HICDS1,NIHR_HIC_ICU_0043,Time of death on your unit,,,,
X000105,,,ICIP,,,,,,
X000105,,,SNOMED,,,,,,
X000106,,,ICNARC,REFOD,Referred to transplant co-ordinator for solid organ or tissue donation,,,,
X000106,,,HICDS1,NIHR_HIC_ICU_0082,Referred for solid organ or tissue donation,,,,
X000106,,,ICIP,,,,,,
X000106,,,SNOMED,,,,,,
X000107,,,ICNARC,OD_V3,Solid organ or tissue donor,,,,
X000107,,,HICDS1,NIHR_HIC_ICU_0094,Solid organ or tissue donor,,,,
X000107,,,ICIP,,,,,,
X000107,,,SNOMED,,,,,,
X000108,,,ICNARC,DBRICU,Date body removed from your unit,,,,
X000108,,,HICDS1,NIHR_HIC_ICU_0038,Date body removed from your unit,,,,
X000108,,,ICIP,,,,,,
X000108,,,SNOMED,,,,,,
X000109,,,ICNARC,TBRICU,Time body removed from your unit,,,,
X000109,,,HICDS1,NIHR_HIC_ICU_0039,Time body removed from your unit,,,,
X000109,,,ICIP,,,,,,
X000109,,,SNOMED,,,,,,
X000110,,,ICNARC,NULL,,,,,
X000110,,,HICDS1,NIHR_HIC_ICU_0931,Advanced respiratory support,physiology-organ-dysfunction-advanced-respiratory,,,
X000110,,,ICIP,,,,,,
X000110,,,SNOMED,,,,,,
X000111,,,ICNARC,NULL,,,,,
X000111,,,HICDS1,NIHR_HIC_ICU_0932,Basic respiratory support,physiology-organ-dysfunction-basic-respiratory,,,
X000111,,,ICIP,,,,,,
X000111,,,SNOMED,,,,,,
X000112,,,ICNARC,NULL,,,,,
X000112,,,HICDS1,NIHR_HIC_ICU_0933,Advanced Cardiovascular support,physiology-organ-dysfunction-advanced-cardiovascular,,,
X000112,,,ICIP,,,,,,
X000112,,,SNOMED,,,,,,
X000113,,,ICNARC,NULL,,,,,
X000113,,,HICDS1,NIHR_HIC_ICU_0934,Basic Cardiovascular support,physiology-organ-dysfunction-basic-cardiovascular,,,
X000113,,,ICIP,,,,,,
X000113,,,SNOMED,,,,,,
X000114,,,ICNARC,NULL,,,,,
X000114,,,HICDS1,NIHR_HIC_ICU_0935,Renal support,physiology-organ-dysfunction-renal-support,,,
X000114,,,ICIP,,,,,,
X000114,,,SNOMED,,,,,,
X000115,,,ICNARC,NULL,,,,,
X000115,,,HICDS1,NIHR_HIC_ICU_0936,Neurological support,physiology-organ-dysfunction-neurological-support,,,
X000115,,,ICIP,,,,,,
X000115,,,SNOMED,,,,,,
X000116,,,ICNARC,NULL,,,,,
X000116,,,HICDS1,NIHR_HIC_ICU_0937,Liver support,physiology-organ-dysfunction-live-support,,,
X000116,,,ICIP,,,,,,
X000116,,,SNOMED,,,,,,
X000117,,,ICNARC,NULL,,,,,
X000117,,,HICDS1,NIHR_HIC_ICU_0938,Dermatological support,physiology-organ-dysfunction-dermatological-support,,,
X000117,,,ICIP,,,,,,
X000117,,,SNOMED,,,,,,
X000118,,,ICNARC,NULL,,,,,
X000118,,,HICDS1,NIHR_HIC_ICU_0939,Gastrointestinal support,physiology-organ-dysfunction-gastrointestinal-support,,,
X000118,,,ICIP,,,,,,
X000118,,,SNOMED,,,,,,
X000119,,,ICNARC,NULL,,,,,
X000119,,,HICDS1,NIHR_HIC_ICU_0156,GCS - total,clinical-gcs-score-total,,,
X000119,,,ICIP,,,,,,
X000119,,,SNOMED,,,,,,
X000120,,,ICNARC,NULL,,,,,
X000120,,,HICDS1,NIHR_HIC_ICU_0157,GCS - motor component,clinical-gcs-score-motor,,,
X000120,,,ICIP,,,,,,
X000120,,,SNOMED,,,,,,
X000121,,,ICNARC,NULL,,,,,
X000121,,,HICDS1,NIHR_HIC_ICU_0158,GCS - eye component,clinical-gcs-score-eye,,,
X000121,,,ICIP,,,,,,
X000121,,,SNOMED,,,,,,
X000122,,,ICNARC,NULL,,,,,
X000122,,,HICDS1,NIHR_HIC_ICU_0159 ,GCS - verbal component,clinical-gcs-score-verbal,,,
X000122,,,ICIP,,,,,,
X000122,,,SNOMED,,,,,,
X000123,,,ICNARC,NULL,,,,,
X000123,,,HICDS1,NIHR_HIC_ICU_0160,Sedation score (hourly),physiology-neurological-sedation-score-hourly,,,
X000123,,,ICIP,,,,,,
X000123,,,SNOMED,,,,,,
X000124,,,ICNARC,NULL,,,,,
X000124,,,HICDS1,NIHR_HIC_ICU_0911,Sedation yes/no,physiology-neurological-sedation-yesno,,,
X000124,,,ICIP,,,,,,
X000124,,,SNOMED,,,,,,
X000125,,,ICNARC,NULL,,,,,
X000125,,,HICDS1,NIHR_HIC_ICU_0108,Heart rate,physiology-cardiovascular-heart-rate,,,
X000125,,,ICIP,,,,,,
X000125,,,SNOMED,,,,,,
X000126,,,ICNARC,NULL,,,,,
X000126,,,HICDS1,NIHR_HIC_ICU_0109 ,Heart rhythm,physiology-cardiovascular-heart-rhythm,,,
X000126,,,ICIP,,,,,,
X000126,,,SNOMED,,,,,,
X000127,,,ICNARC,NULL,,,,,
X000127,,,HICDS1,NIHR_HIC_ICU_0110,Mean arterial blood pressure - Art BPMean arterial blood pressure ,physiology-cardiovascular-mean-art-bp,,,
X000127,,,ICIP,,,,,,
X000127,,,SNOMED,,,,,,
X000128,,,ICNARC,NULL,,,,,
X000128,,,HICDS1,NIHR_HIC_ICU_0111,Mean arterial blood pressure - NBPMean arterial blood pressure,physiology-cardiovascular-mean-nbp,,,
X000128,,,ICIP,,,,,,
X000128,,,SNOMED,,,,,,
X000129,,,ICNARC,NULL,,,,,
X000129,,,HICDS1,NIHR_HIC_ICU_0112 ,Systolic Arterial blood pressure - Art BPSystolic Arterial blood pressure,physiology-cardiovascular-systolic-art-bp,,,
X000129,,,ICIP,,,,,,
X000129,,,SNOMED,,,,,,
X000130,,,ICNARC,NULL,,,,,
X000130,,,HICDS1,NIHR_HIC_ICU_0113,Systolic Arterial blood pressure - NBPSystolic Arterial blood pressure ,physiology-cardiovascular-systolic-nbp,,,
X000130,,,ICIP,,,,,,
X000130,,,SNOMED,,,,,,
X000131,,,ICNARC,NULL,,,,,
X000131,,,HICDS1,NIHR_HIC_ICU_0114 ,Diastolic arterial blood pressure - Art BPDiastolic arterial blood pressure ,physiology-cardiovascular-diastolic-art-bp,,,
X000131,,,ICIP,,,,,,
X000131,,,SNOMED,,,,,,
X000132,,,ICNARC,NULL,,,,,
X000132,,,HICDS1,NIHR_HIC_ICU_0115 ,Diastolic arterial blood pressure - NBPDiastolic arterial blood pressure,physiology-cardiovascular-diastolic-nbp,,,
X000132,,,ICIP,,,,,,
X000132,,,SNOMED,,,,,,
X000133,,,ICNARC,NULL,,,,,
X000133,,,HICDS1,NIHR_HIC_ICU_0116 ,Central venous pressure,physiology-cardiovascular-cvp,,,
X000133,,,ICIP,,,,,,
X000133,,,SNOMED,,,,,,
X000134,,,ICNARC,NULL,,,,,
X000134,,,HICDS1,NIHR_HIC_ICU_0117,Cardiac output - LiDCO Plus,physiology-cardiovascular-lidco-plus,,,
X000134,,,ICIP,,,,,,
X000134,,,SNOMED,,,,,,
X000135,,,ICNARC,NULL,,,,,
X000135,,,HICDS1,NIHR_HIC_ICU_0118,Cardiac output - LiDCO Rapid,physiology-cardiovascular-lidco-rapid,,,
X000135,,,ICIP,,,,,,
X000135,,,SNOMED,,,,,,
X000136,,,ICNARC,NULL,,,,,
X000136,,,HICDS1,NIHR_HIC_ICU_0119,Cardiac output - PICCO,physiology-cardiovascular-pico,,,
X000136,,,ICIP,,,,,,
X000136,,,SNOMED,,,,,,
X000137,,,ICNARC,NULL,,,,,
X000137,,,HICDS1,NIHR_HIC_ICU_0120,Cardiac output - PA Catheter,physiology-cardiovascular-pa-catheter,,,
X000137,,,ICIP,,,,,,
X000137,,,SNOMED,,,,,,
X000138,,,ICNARC,NULL,,,,,
X000138,,,HICDS1,NIHR_HIC_ICU_0121,Cardiac output - Doppler,physiology-cardiovascular-doppler,,,
X000138,,,ICIP,,,,,,
X000138,,,SNOMED,,,,,,
X000139,,,ICNARC,NULL,,,,,
X000139,,,HICDS1,NIHR_HIC_ICU_0126,Airway,physiology-respiratory-airway,,,
X000139,,,ICIP,,,,,,
X000139,,,SNOMED,,,,,,
X000140,,,ICNARC,NULL,,,,,
X000140,,,HICDS1,NIHR_HIC_ICU_0144,Invasive or non-invasive (ventilation),physiology-respiratory-invasive,,,
X000140,,,ICIP,,,,,,
X000140,,,SNOMED,,,,,,
X000141,,,ICNARC,NULL,,,,,
X000141,,,HICDS1,NIHR_HIC_ICU_0549 ,Spontaneous Respiratory Rate,physiology-respiratory-spontanious-rate,,,
X000141,,,ICIP,,,,,,
X000141,,,SNOMED,,,,,,
X000142,,,ICNARC,NULL,,,,,
X000142,,,HICDS1,NIHR_HIC_ICU_0145 ,Total respiratory rate (monitor),physiology-respiratory-monitor-measured-rate,,,
X000142,,,ICIP,,,,,,
X000142,,,SNOMED,,,,,,
X000143,,,ICNARC,NULL,,,,,
X000143,,,HICDS1,NIHR_HIC_ICU_0129 ,SpO2,physiology-respiratory-spo2,,,
X000143,,,ICIP,,,,,,
X000143,,,SNOMED,,,,,,
X000144,,,ICNARC,NULL,,,,,
X000144,,,HICDS1,NIHR_HIC_ICU_0913 ,PaO2/FiO2 ratio,physiology-respiratory-paO2-fiO2,,,
X000144,,,ICIP,,,,,,
X000144,,,SNOMED,,,,,,
X000145,,,ICNARC,NULL,,,,,
X000145,,,HICDS1,NIHR_HIC_ICU_0150,Inspired fraction of oxygen,physiology-respiratory-inspired-fraction-oxygen,,,
X000145,,,ICIP,,,,,,
X000145,,,SNOMED,,,,,,
X000146,,,ICNARC,NULL,,,,,
X000146,,,HICDS1,NIHR_HIC_ICU_0151,Positive End Expiratory Pressure,physiology-respiratory-positive-end-expiratory-pressure,,,
X000146,,,ICIP,,,,,,
X000146,,,SNOMED,,,,,,
X000147,,,ICNARC,NULL,,,,,
X000147,,,HICDS1,NIHR_HIC_ICU_0147 ,Mandatory Respiratory Rate,physiology-respiratory-mandatory-rate,,,
X000147,,,ICIP,,,,,,
X000147,,,SNOMED,,,,,,
X000148,,,ICNARC,NULL,,,,,
X000148,,,HICDS1,NIHR_HIC_ICU_0146 ,Total respiratory rate (ventilator),physiology-respiratory-vantilator-measured-rate,,,
X000148,,,ICIP,,,,,,
X000148,,,SNOMED,,,,,,
X000149,,,ICNARC,NULL,,,,,
X000149,,,HICDS1,NIHR_HIC_ICU_0148 ,Minute volume,physiology-respiratory-minute-volume,,,
X000149,,,ICIP,,,,,,
X000149,,,SNOMED,,,,,,
X000150,,,ICNARC,NULL,,,,,
X000150,,,HICDS1,NIHR_HIC_ICU_0550,Tidal volume,physiology-respiratory-tidal-volume,,,
X000150,,,ICIP,,,,,,
X000150,,,SNOMED,,,,,,
X000151,,,ICNARC,NULL,,,,,
X000151,,,HICDS1,NIHR_HIC_ICU_0149,Peak airway pressure,physiology-respiratory-peak-airway-pressure,,,
X000151,,,ICIP,,,,,,
X000151,,,SNOMED,,,,,,
X000152,,,ICNARC,NULL,,,,,
X000152,,,HICDS1,NIHR_HIC_ICU_0153 ,Frequency (Hz),physiology-respiratory-frequency,,,
X000152,,,ICIP,,,,,,
X000152,,,SNOMED,,,,,,
X000153,,,ICNARC,NULL,,,,,
X000153,,,HICDS1,NIHR_HIC_ICU_0154,Cycle Volume,physiology-respiratory-cycle-volume,,,
X000153,,,ICIP,,,,,,
X000153,,,SNOMED,,,,,,
X000154,,,ICNARC,NULL,,,,,
X000154,,,HICDS1,NIHR_HIC_ICU_0155,Base flow,physiology-respiratory-base-flow,,,
X000154,,,ICIP,,,,,,
X000154,,,SNOMED,,,,,,
X000155,,,ICNARC,NULL,,,,,
X000155,,,HICDS1,NIHR_HIC_ICU_0152,Airway pressure,physiology-respiratory-airway-pressure,,,
X000155,,,ICIP,,,,,,
X000155,,,SNOMED,,,,,,
X000156,,,ICNARC,NULL,,,,,
X000156,,,HICDS1,NIHR_HIC_ICU_0915,Fluid Balance (daily),physiology-cardiovascular-fluid-balance-daily,,,
X000156,,,ICIP,,,,,,
X000156,,,SNOMED,,,,,,
X000157,,,ICNARC,NULL,,,,,
X000157,,,HICDS1,NIHR_HIC_ICU_0413,Fluid Balance (hourly),physiology-cardiovascular-fluid-balance-hourly,,,
X000157,,,ICIP,,,,,,
X000157,,,SNOMED,,,,,,
X000158,,,ICNARC,NULL,,,,,
X000158,,,HICDS1,NIHR_HIC_ICU_0162 ,Urine output,physiology-renal-urine-output,,,
X000158,,,ICIP,,,,,,
X000158,,,SNOMED,,,,,,
X000159,,,ICNARC,NULL,,,,,
X000159,,,HICDS1,NIHR_HIC_ICU_0161,Renal replacement mode,physiology-renal-replacement-mode,,,
X000159,,,ICIP,,,,,,
X000159,,,SNOMED,,,,,,
X000160,,,ICNARC,NULL,,,,,
X000160,,,HICDS1,NIHR_HIC_ICU_0552,Duration of therapy (hours per day),physiology-renal-time-on-filter-per-day,,,
X000160,,,ICIP,,,,,,
X000160,,,SNOMED,,,,,,
X000161,,,ICNARC,NULL,,,,,
X000161,,,HICDS1,NIHR_HIC_ICU_0553,Total effluent per day,physiology-renal-total-effluent-per-day,,,
X000161,,,ICIP,,,,,,
X000161,,,SNOMED,,,,,,
X000162,,,ICNARC,NULL,,,,,
X000162,,,HICDS1,NIHR_HIC_ICU_0554,Dialysate,physiology-renal-Dialysate,,,
X000162,,,ICIP,,,,,,
X000162,,,SNOMED,,,,,,
X000163,,,ICNARC,NULL,,,,,
X000163,,,HICDS1,NIHR_HIC_ICU_0555,Replacement fluid during RRT,physiology-renal-Replacement-fluid-during-RRT,,,
X000163,,,ICIP,,,,,,
X000163,,,SNOMED,,,,,,
X000164,,,ICNARC,NULL,,,,,
X000164,,,HICDS1,NIHR_HIC_ICU_0556,Type of anticoagulation,physiology-renal-Type-of-anticoagulation,,,
X000164,,,ICIP,,,,,,
X000164,,,SNOMED,,,,,,
X000165,,,ICNARC,NULL,,,,,
X000165,,,HICDS1,NIHR_HIC_ICU_0143,Position,physiology-nursing-position,,,
X000165,,,ICIP,,,,,,
X000165,,,SNOMED,,,,,,
X000166,,,ICNARC,NULL,,,,,
X000166,,,HICDS1,NIHR_HIC_ICU_0141 ,Temperature - Central,physiology-temp-central,,,
X000166,,,ICIP,,,,,,
X000166,,,SNOMED,,,,,,
X000167,,,ICNARC,NULL,,,,,
X000167,,,HICDS1,NIHR_HIC_ICU_0142 ,Temperature - Non-central,physiology-temp-non-central,,,
X000167,,,ICIP,,,,,,
X000167,,,SNOMED,,,,,,
X000168,,,ICNARC,NULL,,,,,
X000168,,,HICDS1,NIHR_HIC_ICU_0168,Sodium,laboratory-chemistry-sodium,,,
X000168,,,ICIP,,,,,,
X000168,,,SNOMED,,,,,,
X000169,,,ICNARC,NULL,,,,,
X000169,,,HICDS1,NIHR_HIC_ICU_0169,Sodium ABG/VBG,laboratory-chemistry-sodium-abg-vbg,,,
X000169,,,ICIP,,,,,,
X000169,,,SNOMED,,,,,,
X000170,,,ICNARC,NULL,,,,,
X000170,,,HICDS1,NIHR_HIC_ICU_0171 ,Potassium,laboratory-chemistry-potassium,,,
X000170,,,ICIP,,,,,,
X000170,,,SNOMED,,,,,,
X000171,,,ICNARC,NULL,,,,,
X000171,,,HICDS1,NIHR_HIC_ICU_0172,Potassium ABG/VBG,laboratory-chemistry-potassium-abg-vbg,,,
X000171,,,ICIP,,,,,,
X000171,,,SNOMED,,,,,,
X000172,,,ICNARC,NULL,,,,,
X000172,,,HICDS1,NIHR_HIC_ICU_0164,Urea,laboratory-chemistry-urea,,,
X000172,,,ICIP,,,,,,
X000172,,,SNOMED,,,,,,
X000173,,,ICNARC,NULL,,,,,
X000173,,,HICDS1,NIHR_HIC_ICU_0166 ,Creatinine,laboratory-chemistry-creatinine,,,
X000173,,,ICIP,,,,,,
X000173,,,SNOMED,,,,,,
X000174,,,ICNARC,NULL,,,,,
X000174,,,HICDS1,NIHR_HIC_ICU_0174 ,Bilirubin,laboratory-chemistry-bilirubin,,,
X000174,,,ICIP,,,,,,
X000174,,,SNOMED,,,,,,
X000175,,,ICNARC,NULL,,,,,
X000175,,,HICDS1,NIHR_HIC_ICU_0918 ,Glucose (laboratory),laboratory-chemistry-glucose-laboratory,,,
X000175,,,ICIP,,,,,,
X000175,,,SNOMED,,,,,,
X000176,,,ICNARC,NULL,,,,,
X000176,,,HICDS1,NIHR_HIC_ICU_0175 ,Glucose ABG/VBG,laboratory-chemistry-glucose-abg-vbg,,,
X000176,,,ICIP,,,,,,
X000176,,,SNOMED,,,,,,
X000177,,,ICNARC,NULL,,,,,
X000177,,,HICDS1,NIHR_HIC_ICU_0176,Glucose bedside test,laboratory-chemistry-glucose-bedside,,,
X000177,,,ICIP,,,,,,
X000177,,,SNOMED,,,,,,
X000178,,,ICNARC,NULL,,,,,
X000178,,,HICDS1,NIHR_HIC_ICU_0557,C reactive protein,laboratory-haematology-C-reactive-protein,,,
X000178,,,ICIP,,,,,,
X000178,,,SNOMED,,,,,,
X000179,,,ICNARC,NULL,,,,,
X000179,,,HICDS1,NIHR_HIC_ICU_0136 ,pH - ABG / VBG,laboratory-chemistry-ph-abg-vbg,,,
X000179,,,ICIP,,,,,,
X000179,,,SNOMED,,,,,,
X000180,,,ICNARC,NULL,,,,,
X000180,,,HICDS1,NIHR_HIC_ICU_0138 ,HCO3 - ABG / VBG,laboratory-chemistry-hco3-abg-vbg,,,
X000180,,,ICIP,,,,,,
X000180,,,SNOMED,,,,,,
X000181,,,ICNARC,NULL,,,,,
X000181,,,HICDS1,NIHR_HIC_ICU_0122 ,Lactate - ABG,physiology-cardiovascular-lactate-abg,,,
X000181,,,ICIP,,,,,,
X000181,,,SNOMED,,,,,,
X000182,,,ICNARC,NULL,,,,,
X000182,,,HICDS1,NIHR_HIC_ICU_0123,Lactate - Lab,physiology-cardiovascular-lactate-lab,,,
X000182,,,ICIP,,,,,,
X000182,,,SNOMED,,,,,,
X000183,,,ICNARC,NULL,,,,,
X000183,,,HICDS1,NIHR_HIC_ICU_0179 ,Haemoglobin,laboratory-haematology-hb,,,
X000183,,,ICIP,,,,,,
X000183,,,SNOMED,,,,,,
X000184,,,ICNARC,NULL,,,,,
X000184,,,HICDS1,NIHR_HIC_ICU_0178 ,Haemoglobin ABG/VBG,laboratory-haematology-hb-abg-vbg,,,
X000184,,,ICIP,,,,,,
X000184,,,SNOMED,,,,,,
X000185,,,ICNARC,NULL,,,,,
X000185,,,HICDS1,NIHR_HIC_ICU_0182 ,White cell count,laboratory-haematology-white-cell-count,,,
X000185,,,ICIP,,,,,,
X000185,,,SNOMED,,,,,,
X000186,,,ICNARC,NULL,,,,,
X000186,,,HICDS1,NIHR_HIC_ICU_0183 ,Neutrophil count,laboratory-haematology-neutrophil-count,,,
X000186,,,ICIP,,,,,,
X000186,,,SNOMED,,,,,,
X000187,,,ICNARC,NULL,,,,,
X000187,,,HICDS1,NIHR_HIC_ICU_0184,Platelets,laboratory-haematology-platelets,,,
X000187,,,ICIP,,,,,,
X000187,,,SNOMED,,,,,,
X000188,,,ICNARC,NULL,,,,,
X000188,,,HICDS1,NIHR_HIC_ICU_0186 ,Site,laboratory-microbiology-culture,,,
X000188,,,ICIP,,,,,,
X000188,,,SNOMED,,,,,,
X000189,,,ICNARC,NULL,,,,,
X000189,,,HICDS1,NIHR_HIC_ICU_0187,Organism,laboratory-microbiology-culture,,,
X000189,,,ICIP,,,,,,
X000189,,,SNOMED,,,,,,
X000190,,,ICNARC,NULL,,,,,
X000190,,,HICDS1,NIHR_HIC_ICU_0188 ,Sensitivity,laboratory-microbiology-culture,,,
X000190,,,ICIP,,,,,,
X000190,,,SNOMED,,,,,,
X000191,,,ICNARC,NULL,,,,,
X000191,,,HICDS1,NIHR_HIC_ICU_0132,PaO2 - ABG,physiology-respiratory-pao2-abg,,,
X000191,,,ICIP,,,,,,
X000191,,,SNOMED,,,,,,
X000192,,,ICNARC,NULL,,,,,
X000192,,,HICDS1,NIHR_HIC_ICU_0130 ,SaO2 - ABG,physiology-respiratory-sao2-abg,,,
X000192,,,ICIP,,,,,,
X000192,,,SNOMED,,,,,,
X000193,,,ICNARC,NULL,,,,,
X000193,,,HICDS1,NIHR_HIC_ICU_0125 ,Central venous saturation,physiology-cardiovascular-cvs,,,
X000193,,,ICIP,,,,,,
X000193,,,SNOMED,,,,,,
X000194,,,ICNARC,NULL,,,,,
X000194,,,HICDS1,NIHR_HIC_ICU_0134,PaCO2 - ABG,physiology-respiratory-paco2-abg,,,
X000194,,,ICIP,,,,,,
X000194,,,SNOMED,,,,,,
X000195,,,ICNARC,NULL,,,,,
X000195,,,HICDS1,NIHR_HIC_ICU_0414,Amikacin,drug-anti-microbials-amikacin,,,
X000195,,,ICIP,,,,,,
X000195,,,SNOMED,,,,,,
X000196,,,ICNARC,NULL,,,,,
X000196,,,HICDS1,NIHR_HIC_ICU_0437,Gentamicin,drug-anti-microbials-gentamicin,,,
X000196,,,ICIP,,,,,,
X000196,,,SNOMED,,,,,,
X000197,,,ICNARC,NULL,,,,,
X000197,,,HICDS1,NIHR_HIC_ICU_0444 ,Neomycin,drug-anti-microbials-neomycin,,,
X000197,,,ICIP,,,,,,
X000197,,,SNOMED,,,,,,
X000198,,,ICNARC,NULL,,,,,
X000198,,,HICDS1,NIHR_HIC_ICU_0459 ,Tobramycin,drug-anti-microbials-tobramycin,,,
X000198,,,ICIP,,,,,,
X000198,,,SNOMED,,,,,,
X000199,,,ICNARC,NULL,,,,,
X000199,,,HICDS1,NIHR_HIC_ICU_0447,Pentamidine,drug-anti-microbials-pentamidine,,,
X000199,,,ICIP,,,,,,
X000199,,,SNOMED,,,,,,
X000200,,,ICNARC,NULL,,,,,
X000200,,,HICDS1,NIHR_HIC_ICU_0434 ,Ethambutal HCL,drug-anti-microbials-Ethambutal-hcl,,,
X000200,,,ICIP,,,,,,
X000200,,,SNOMED,,,,,,
X000201,,,ICNARC,NULL,,,,,
X000201,,,HICDS1,NIHR_HIC_ICU_0438,Isoniazid,drug-anti-microbials-isoniazid,,,
X000201,,,ICIP,,,,,,
X000201,,,SNOMED,,,,,,
X000202,,,ICNARC,NULL,,,,,
X000202,,,HICDS1,NIHR_HIC_ICU_0450,Pyrazinamide,drug-anti-microbials-pyrazinamide,,,
X000202,,,ICIP,,,,,,
X000202,,,SNOMED,,,,,,
X000203,,,ICNARC,NULL,,,,,
X000203,,,HICDS1,NIHR_HIC_ICU_0452,Rifampacin,drug-anti-microbials-rifampacin,,,
X000203,,,ICIP,,,,,,
X000203,,,SNOMED,,,,,,
X000204,,,ICNARC,NULL,,,,,
X000204,,,HICDS1,NIHR_HIC_ICU_0453,Rifater,drug-anti-microbials-rifater,,,
X000204,,,ICIP,,,,,,
X000204,,,SNOMED,,,,,,
X000205,,,ICNARC,NULL,,,,,
X000205,,,HICDS1,NIHR_HIC_ICU_0454 ,Rifinah,drug-anti-microbials-rifinah,,,
X000205,,,ICIP,,,,,,
X000205,,,SNOMED,,,,,,
X000206,,,ICNARC,NULL,,,,,
X000206,,,HICDS1,NIHR_HIC_ICU_0432,Ertapenem,drug-anti-microbials-ertapenem,,,
X000206,,,ICIP,,,,,,
X000206,,,SNOMED,,,,,,
X000207,,,ICNARC,NULL,,,,,
X000207,,,HICDS1,NIHR_HIC_ICU_0441 ,Meropenem,drug-anti-microbials-meropenem,,,
X000207,,,ICIP,,,,,,
X000207,,,SNOMED,,,,,,
X000208,,,ICNARC,NULL,,,,,
X000208,,,HICDS1,NIHR_HIC_ICU_0418 ,Cefotaxime,drug-anti-microbials-cefotaxime,,,
X000208,,,ICIP,,,,,,
X000208,,,SNOMED,,,,,,
X000209,,,ICNARC,NULL,,,,,
X000209,,,HICDS1,NIHR_HIC_ICU_0419,Ceftazidime,drug-anti-microbials-ceftazidime,,,
X000209,,,ICIP,,,,,,
X000209,,,SNOMED,,,,,,
X000210,,,ICNARC,NULL,,,,,
X000210,,,HICDS1,NIHR_HIC_ICU_0420,Ceftriaxone,drug-anti-microbials-ceftriaxone,,,
X000210,,,ICIP,,,,,,
X000210,,,SNOMED,,,,,,
X000211,,,ICNARC,NULL,,,,,
X000211,,,HICDS1,NIHR_HIC_ICU_0421,Cefuroxime,drug-anti-microbials-cefuroxime,,,
X000211,,,ICIP,,,,,,
X000211,,,SNOMED,,,,,,
X000212,,,ICNARC,NULL,,,,,
X000212,,,HICDS1,NIHR_HIC_ICU_0422,Chloramphenicol,drug-anti-microbials-chloramphenicol,,,
X000212,,,ICIP,,,,,,
X000212,,,SNOMED,,,,,,
X000213,,,ICNARC,NULL,,,,,
X000213,,,HICDS1,NIHR_HIC_ICU_0436 ,Fuscidic acid,drug-anti-microbials-fusidic-acid-ng,,,
X000213,,,ICIP,,,,,,
X000213,,,SNOMED,,,,,,
X000214,,,ICNARC,NULL,,,,,
X000214,,,HICDS1,NIHR_HIC_ICU_0456,Sodium Fusidate,drug-anti-microbials-sodium-fusidate,,,
X000214,,,ICIP,,,,,,
X000214,,,SNOMED,,,,,,
X000215,,,ICNARC,NULL,,,,,
X000215,,,HICDS1,NIHR_HIC_ICU_0457 ,Teicoplanin,drug-anti-microbials-teicoplanin,,,
X000215,,,ICIP,,,,,,
X000215,,,SNOMED,,,,,,
X000216,,,ICNARC,NULL,,,,,
X000216,,,HICDS1,NIHR_HIC_ICU_0461,Vancomycin,drug-anti-microbials-vancomycin,,,
X000216,,,ICIP,,,,,,
X000216,,,SNOMED,,,,,,
X000217,,,ICNARC,NULL,,,,,
X000217,,,HICDS1,NIHR_HIC_ICU_0425 ,Clindamycin,drug-anti-microbials-clindamycin,,,
X000217,,,ICIP,,,,,,
X000217,,,SNOMED,,,,,,
X000218,,,ICNARC,NULL,,,,,
X000218,,,HICDS1,NIHR_HIC_ICU_0416 ,Azithromycin,drug-anti-microbials-azithromycin,,,
X000218,,,ICIP,,,,,,
X000218,,,SNOMED,,,,,,
X000219,,,ICNARC,NULL,,,,,
X000219,,,HICDS1,NIHR_HIC_ICU_0424 ,Clarithromycin,drug-anti-microbials-clarithromycin,,,
X000219,,,ICIP,,,,,,
X000219,,,SNOMED,,,,,,
X000220,,,ICNARC,NULL,,,,,
X000220,,,HICDS1,NIHR_HIC_ICU_0433 ,Erythromycin,drug-anti-microbials-erythromycin,,,
X000220,,,ICIP,,,,,,
X000220,,,SNOMED,,,,,,
X000221,,,ICNARC,NULL,,,,,
X000221,,,HICDS1,NIHR_HIC_ICU_0445,Nitrofurantion,drug-anti-microbials-nitrofurantion,,,
X000221,,,ICIP,,,,,,
X000221,,,SNOMED,,,,,,
X000222,,,ICNARC,NULL,,,,,
X000222,,,HICDS1,NIHR_HIC_ICU_0442 ,Metronidazole,drug-anti-microbials-metronidazole,,,
X000222,,,ICIP,,,,,,
X000222,,,SNOMED,,,,,,
X000223,,,ICNARC,NULL,,,,,
X000223,,,HICDS1,NIHR_HIC_ICU_0440 ,Linezolid,drug-anti-microbials-linezolid,,,
X000223,,,ICIP,,,,,,
X000223,,,SNOMED,,,,,,
X000224,,,ICNARC,NULL,,,,,
X000224,,,HICDS1,NIHR_HIC_ICU_0415,Amoxicillin,drug-anti-microbials-amoxicillin,,,
X000224,,,ICIP,,,,,,
X000224,,,SNOMED,,,,,,
X000225,,,ICNARC,NULL,,,,,
X000225,,,HICDS1,NIHR_HIC_ICU_0417 ,Benzylpenicillin,drug-anti-microbials-benzylpenicillin,,,
X000225,,,ICIP,,,,,,
X000225,,,SNOMED,,,,,,
X000226,,,ICNARC,NULL,,,,,
X000226,,,HICDS1,NIHR_HIC_ICU_0426,Co-Amoxiclav,drug-anti-microbials-co-amoxiclav,,,
X000226,,,ICIP,,,,,,
X000226,,,SNOMED,,,,,,
X000227,,,ICNARC,NULL,,,,,
X000227,,,HICDS1,NIHR_HIC_ICU_0435 ,Flucloxacillin,drug-anti-microbials-flucloxacillin,,,
X000227,,,ICIP,,,,,,
X000227,,,SNOMED,,,,,,
X000228,,,ICNARC,NULL,,,,,
X000228,,,HICDS1,NIHR_HIC_ICU_0448 ,Phenoxymethylpenicillin,drug-anti-microbials-phenoxymethylpenicillin,,,
X000228,,,ICIP,,,,,,
X000228,,,SNOMED,,,,,,
X000229,,,ICNARC,NULL,,,,,
X000229,,,HICDS1,NIHR_HIC_ICU_0449,Piperacillin/Tazobactam,drug-anti-microbials-piperacillin-tazobactam,,,
X000229,,,ICIP,,,,,,
X000229,,,SNOMED,,,,,,
X000230,,,ICNARC,NULL,,,,,
X000230,,,HICDS1,NIHR_HIC_ICU_0427,Colistin,drug-anti-microbials-colistin,,,
X000230,,,ICIP,,,,,,
X000230,,,SNOMED,,,,,,
X000231,,,ICNARC,NULL,,,,,
X000231,,,HICDS1,NIHR_HIC_ICU_0423 ,Ciprofloxacin,drug-anti-microbials-ciprofloxacin,,,
X000231,,,ICIP,,,,,,
X000231,,,SNOMED,,,,,,
X000232,,,ICNARC,NULL,,,,,
X000232,,,HICDS1,NIHR_HIC_ICU_0439,Levofloxacin,drug-anti-microbials-levofloxacin,,,
X000232,,,ICIP,,,,,,
X000232,,,SNOMED,,,,,,
X000233,,,ICNARC,NULL,,,,,
X000233,,,HICDS1,NIHR_HIC_ICU_0443,Moxifloxacin,drug-anti-microbials-moxifloxacin,,,
X000233,,,ICIP,,,,,,
X000233,,,SNOMED,,,,,,
X000234,,,ICNARC,NULL,,,,,
X000234,,,HICDS1,NIHR_HIC_ICU_0446,Ofloxacin,drug-anti-microbials-ofloxacin,,,
X000234,,,ICIP,,,,,,
X000234,,,SNOMED,,,,,,
X000235,,,ICNARC,NULL,,,,,
X000235,,,HICDS1,NIHR_HIC_ICU_0428,Co-Trimoxazole,drug-anti-microbials-co-trimoxazole,,,
X000235,,,ICIP,,,,,,
X000235,,,SNOMED,,,,,,
X000236,,,ICNARC,NULL,,,,,
X000236,,,HICDS1,NIHR_HIC_ICU_0460,Trimethoprim,drug-anti-microbials-trimethoprim,,,
X000236,,,ICIP,,,,,,
X000236,,,SNOMED,,,,,,
X000237,,,ICNARC,NULL,,,,,
X000237,,,HICDS1,NIHR_HIC_ICU_0429,Demeclocycline HCL,drug-anti-microbials-demeclocycline-hcl,,,
X000237,,,ICIP,,,,,,
X000237,,,SNOMED,,,,,,
X000238,,,ICNARC,NULL,,,,,
X000238,,,HICDS1,NIHR_HIC_ICU_0430,Doxycycline,drug-anti-microbials-doxycycline,,,
X000238,,,ICIP,,,,,,
X000238,,,SNOMED,,,,,,
X000239,,,ICNARC,NULL,,,,,
X000239,,,HICDS1,NIHR_HIC_ICU_0458 ,Tigecycline,drug-anti-microbials-tigecycline,,,
X000239,,,ICIP,,,,,,
X000239,,,SNOMED,,,,,,
X000240,,,ICNARC,NULL,,,,,
X000240,,,HICDS1,NIHR_HIC_ICU_0462,Propofol,drug-cns-propofol,,,
X000240,,,ICIP,,,,,,
X000240,,,SNOMED,,,,,,
X000241,,,ICNARC,NULL,,,,,
X000241,,,HICDS1,NIHR_HIC_ICU_0558,Thiopentone / Thiopental,drug-cns-Thiopentone-Thiopental,,,
X000241,,,ICIP,,,,,,
X000241,,,SNOMED,,,,,,
X000242,,,ICNARC,NULL,,,,,
X000242,,,HICDS1,NIHR_HIC_ICU_0463,Midazolam,drug-cns-midazolam,,,
X000242,,,ICIP,,,,,,
X000242,,,SNOMED,,,,,,
X000243,,,ICNARC,NULL,,,,,
X000243,,,HICDS1,NIHR_HIC_ICU_0559,Clonidine,drug-cns-clonidine,,,
X000243,,,ICIP,,,,,,
X000243,,,SNOMED,,,,,,
X000244,,,ICNARC,NULL,,,,,
X000244,,,HICDS1,NIHR_HIC_ICU_0560,Dexmedetomidine,drug-cns-dexmedetomidine,,,
X000244,,,ICIP,,,,,,
X000244,,,SNOMED,,,,,,
X000245,,,ICNARC,NULL,,,,,
X000245,,,HICDS1,NIHR_HIC_ICU_0561 ,Ketamine,drug-cns-ketamine,,,
X000245,,,ICIP,,,,,,
X000245,,,SNOMED,,,,,,
X000246,,,ICNARC,NULL,,,,,
X000246,,,HICDS1,NIHR_HIC_ICU_0242 ,Fentanyl,drug-cns-fentanyl,,,
X000246,,,ICIP,,,,,,
X000246,,,SNOMED,,,,,,
X000247,,,ICNARC,NULL,,,,,
X000247,,,HICDS1,NIHR_HIC_ICU_0563 ,Morphine,drug-cns-morphine,,,
X000247,,,ICIP,,,,,,
X000247,,,SNOMED,,,,,,
X000248,,,ICNARC,NULL,,,,,
X000248,,,HICDS1,NIHR_HIC_ICU_0464 ,Remifentanil,drug-cns-remifentanil,,,
X000248,,,ICIP,,,,,,
X000248,,,SNOMED,,,,,,
X000249,,,ICNARC,NULL,,,,,
X000249,,,HICDS1,NIHR_HIC_ICU_0469 ,Levosimendan,infusion-cvs-vasoactive-levosimendan,,,
X000249,,,ICIP,,,,,,
X000249,,,SNOMED,,,,,,
X000250,,,ICNARC,NULL,,,,,
X000250,,,HICDS1,NIHR_HIC_ICU_0465 ,Adrenaline,infusion-cvs-vasoactive-adrenaline,,,
X000250,,,ICIP,,,,,,
X000250,,,SNOMED,,,,,,
X000251,,,ICNARC,NULL,,,,,
X000251,,,HICDS1,NIHR_HIC_ICU_0466 ,Dobutamine,infusion-cvs-vasoactive-dobutamine,,,
X000251,,,ICIP,,,,,,
X000251,,,SNOMED,,,,,,
X000252,,,ICNARC,NULL,,,,,
X000252,,,HICDS1,NIHR_HIC_ICU_0467 ,Dopamine,infusion-cvs-vasoactive-dopamine,,,
X000252,,,ICIP,,,,,,
X000252,,,SNOMED,,,,,,
X000253,,,ICNARC,NULL,,,,,
X000253,,,HICDS1,NIHR_HIC_ICU_0564,Dopexamine,infusion-cvs-vasoactive-dopexamine,,,
X000253,,,ICIP,,,,,,
X000253,,,SNOMED,,,,,,
X000254,,,ICNARC,NULL,,,,,
X000254,,,HICDS1,NIHR_HIC_ICU_0468,Enoximone,infusion-cvs-vasoactive-enoximone,,,
X000254,,,ICIP,,,,,,
X000254,,,SNOMED,,,,,,
X000255,,,ICNARC,NULL,,,,,
X000255,,,HICDS1,NIHR_HIC_ICU_0252,Milrinone,infusion-cvs-vasoactive-milrinone,,,
X000255,,,ICIP,,,,,,
X000255,,,SNOMED,,,,,,
X000256,,,ICNARC,NULL,,,,,
X000256,,,HICDS1,NIHR_HIC_ICU_0470,Noradrenaline,infusion-cvs-vasoactive-noradrenaline,,,
X000256,,,ICIP,,,,,,
X000256,,,SNOMED,,,,,,
X000257,,,ICNARC,NULL,,,,,
X000257,,,HICDS1,NIHR_HIC_ICU_0471 ,Vasopressin,infusion-cvs-vasoactive-vasopressin,,,
X000257,,,ICIP,,,,,,
X000257,,,SNOMED,,,,,,
X000258,,,ICNARC,NULL,,,,,
X000258,,,HICDS1,NIHR_HIC_ICU_0565,Terlipressin,infusion-cvs-vasoactive-terlipressin,,,
X000258,,,ICIP,,,,,,
X000258,,,SNOMED,,,,,,
X000259,,,ICNARC,NULL,,,,,
X000259,,,HICDS1,NIHR_HIC_ICU_0906 ,Esmolol,Infusion-cvs-vasoactive-adjuncts-esmolol,,,
X000259,,,ICIP,,,,,,
X000259,,,SNOMED,,,,,,
X000260,,,ICNARC,NULL,,,,,
X000260,,,HICDS1,NIHR_HIC_ICU_0907 ,Metoprolol,Infusion-cvs-vasoactive-adjuncts-metoprolol,,,
X000260,,,ICIP,,,,,,
X000260,,,SNOMED,,,,,,
X000261,,,ICNARC,NULL,,,,,
X000261,,,HICDS1,NIHR_HIC_ICU_0908,Dexamethasone,Infusion-cvs-vasoactive-adjuncts-dexamethasone,,,
X000261,,,ICIP,,,,,,
X000261,,,SNOMED,,,,,,
X000262,,,ICNARC,NULL,,,,,
X000262,,,HICDS1,NIHR_HIC_ICU_0909,Hydrocortisone,Infusion-cvs-vasoactive-adjuncts-hydrocortisone,,,
X000262,,,ICIP,,,,,,
X000262,,,SNOMED,,,,,,
X000263,,,ICNARC,NULL,,,,,
X000263,,,HICDS1,NIHR_HIC_ICU_0910 ,Methylprednisolone,Infusion-cvs-vasoactive-adjuncts-methylprednisolone,,,
X000263,,,ICIP,,,,,,
X000263,,,SNOMED,,,,,,
X000264,,,ICNARC,ACON,Assisted conception used for recent pregnancy,,,,
X000264,,,HICDS1,,,,,,
X000264,,,ICIP,,,,,,
X000264,,,SNOMED,,,,,,
X000265,,,ICNARC,ANCHWBC,Associated absolute neutrophil count (from Highest white blood cell count),,,,
X000265,,,HICDS1,,,,,,
X000265,,,ICIP,NC,,,,,
X000265,,,SNOMED,,,,,,
X000266,,,ICNARC,ANCLWBC,Associated absolute neutrophil count (from Lowest white blood cell count),,,,
X000266,,,HICDS1,,,,,,
X000266,,,ICIP,NC,,,,,
X000266,,,SNOMED,,,,,,
X000267,,,ICNARC,ANCPWBC,Associated absolute neutrophil count (from Pre-admission white blood cell count),,,,
X000267,,,HICDS1,,,,,,
X000267,,,ICIP,NC,,,,,
X000267,,,SNOMED,,,,,,
X000268,,,ICNARC,ASSOD,Assent for solid organ or tissue donation,,,,
X000268,,,HICDS1,,,,,,
X000268,,,ICIP,,,,,,
X000268,,,SNOMED,,,,,,
X000269,,,ICNARC,BSA,Burned surface area,,,,
X000269,,,HICDS1,,,,,,
X000269,,,ICIP,,,,,,
X000269,,,SNOMED,,,,,,
X000270,,,ICNARC,CCL0D,Level 0 days,,,,
X000270,,,HICDS1,,,,,,
X000270,,,ICIP,,,,,,
X000270,,,SNOMED,,,,,,
X000271,,,ICNARC,CCL1D,Level 1 days,,,,
X000271,,,HICDS1,,,,,,
X000271,,,ICIP,,,,,,
X000271,,,SNOMED,,,,,,
X000272,,,ICNARC,CDIFF,Clostridium difficile present,,,,
X000272,,,HICDS1,,,,,,
X000272,,,ICIP,,,,,,
X000272,,,SNOMED,,,,,,
X000273,,,ICNARC,CRPREG,Admission currently/recently pregnant,,,,
X000273,,,HICDS1,,,,,,
X000273,,,ICIP,,,,,,
X000273,,,SNOMED,,,,,,
X000274,,,ICNARC,DADEL,Actual date of delivery of recent pregnancy,,,,
X000274,,,HICDS1,,,,,,
X000274,,,ICIP,,,,,,
X000274,,,SNOMED,,,,,,
X000275,,,ICNARC,DEDEL,Expected date of delivery of current pregnancy,,,,
X000275,,,HICDS1,,,,,,
X000275,,,ICIP,,,,,,
X000275,,,SNOMED,,,,,,
X000276,,,ICNARC,DOBEST,Date of birth estimated,,,,
X000276,,,HICDS1,,,,,,
X000276,,,ICIP,,,,,,
X000276,,,SNOMED,,,,,,
X000277,,,ICNARC,EDEP,Expected dependency post-acute hospital discharge,,,,
X000277,,,HICDS1,,,,,,
X000277,,,ICIP,,,,,,
X000277,,,SNOMED,,,,,,
X000278,,,ICNARC,EPHYS,Evidence available to abstract physiology data,,,,
X000278,,,HICDS1,,,,,,
X000278,,,ICIP,EPHYS,,,,,
X000278,,,SNOMED,,,,,,
X000279,,,ICNARC,EPMH,Evidence available to assess past medical history,,,,
X000279,,,HICDS1,,,,,,
X000279,,,ICIP,PMH,,,,,
X000279,,,SNOMED,,,,,,
X000280,,,ICNARC,EYEL,Associated eye component,,,,
X000280,,,HICDS1,,,,,,
X000280,,,ICIP,EYE,,,,,
X000280,,,SNOMED,,,,,,
X000281,,,ICNARC,FILPO,Associated FIO2 (from arterial blood gas with lowest PaO2),,,,
X000281,,,HICDS1,,,,,,
X000281,,,ICIP,FI,,,,,
X000281,,,SNOMED,,,,,,
X000282,,,ICNARC,GESTC,Gestation of current pregnancy,,,,
X000282,,,HICDS1,,,,,,
X000282,,,ICIP,,,,,,
X000282,,,SNOMED,,,,,,
X000283,,,ICNARC,GESTR,Gestation at delivery of recent pregnancy,,,,
X000283,,,HICDS1,,,,,,
X000283,,,ICIP,,,,,,
X000283,,,SNOMED,,,,,,
X000284,,,ICNARC,HBL,Highest blood lactate,,,,
X000284,,,HICDS1,,,,,,
X000284,,,ICIP,BL,,,,,
X000284,,,SNOMED,,,,,,
X000285,,,ICNARC,HCREAT,Highest serum creatinine,,,,
X000285,,,HICDS1,,,,,,
X000285,,,ICIP,CREAT,,,,,
X000285,,,SNOMED,,,,,,
X000286,,,ICNARC,HCTEMP,Highest central temperature,,,,
X000286,,,HICDS1,,,,,,
X000286,,,ICIP,CTEMP,,,,,
X000286,,,SNOMED,,,,,,
X000287,,,ICNARC,HG,Highest serum glucose,,,,
X000287,,,HICDS1,,,,,,
X000287,,,ICIP,G,,,,,
X000287,,,SNOMED,,,,,,
X000288,,,ICNARC,HHB,Highest haemoglobin,,,,
X000288,,,HICDS1,,,,,,
X000288,,,ICIP,HB,,,,,
X000288,,,SNOMED,,,,,,
X000289,,,ICNARC,HHCO,Highest serum bicarbonate,,,,
X000289,,,HICDS1,,,,,,
X000289,,,ICIP,HCO,,,,,
X000289,,,SNOMED,,,,,,
X000290,,,ICNARC,HHR,Highest heart rate,,,,
X000290,,,HICDS1,,,,,,
X000290,,,ICIP,HR,,,,,
X000290,,,SNOMED,,,,,,
X000291,,,ICNARC,HK,Highest serum potassium,,,,
X000291,,,HICDS1,,,,,,
X000291,,,ICIP,K,,,,,
X000291,,,SNOMED,,,,,,
X000292,,,ICNARC,HNA,Highest serum sodium,,,,
X000292,,,HICDS1,,,,,,
X000292,,,ICIP,NA,,,,,
X000292,,,SNOMED,,,,,,
X000293,,,ICNARC,HNCTEMP,Highest non-central temperature,,,,
X000293,,,HICDS1,,,,,,
X000293,,,ICIP,NCTEMP,,,,,
X000293,,,SNOMED,,,,,,
X000294,,,ICNARC,HNVRR,Highest non-ventilated respiratory rate,,,,
X000294,,,HICDS1,,,,,,
X000294,,,ICIP,NVRR,,,,,
X000294,,,SNOMED,,,,,,
X000295,,,ICNARC,HSYS,Highest systolic BP,,,,
X000295,,,HICDS1,,,,,,
X000295,,,ICIP,SYS,,,,,
X000295,,,SNOMED,,,,,,
X000296,,,ICNARC,HTLOCA,Hospital housing transient location (in),,,,
X000296,,,HICDS1,,,,,,
X000296,,,ICIP,,,,,,
X000296,,,SNOMED,,,,,,
X000297,,,ICNARC,HU,Highest serum urea,,,,
X000297,,,HICDS1,,,,,,
X000297,,,ICIP,U,,,,,
X000297,,,SNOMED,,,,,,
X000298,,,ICNARC,HVRR,Highest ventilated respiratory rate,,,,
X000298,,,HICDS1,,,,,,
X000298,,,ICIP,VRR,,,,,
X000298,,,SNOMED,,,,,,
X000299,,,ICNARC,HWBC,Highest white blood cell count,,,,
X000299,,,HICDS1,,,,,,
X000299,,,ICIP,WBC,,,,,
X000299,,,SNOMED,,,,,,
X000300,,,ICNARC,HYST,Hysterectomy at/since delivery of recent pregnancy,,,,
X000300,,,HICDS1,,,,,,
X000300,,,ICIP,,,,,,
X000300,,,SNOMED,,,,,,
X000301,,,ICNARC,ILPO,PaO2 from arterial blood gas with lowest PaO2,,,,
X000301,,,HICDS1,,,,,,
X000301,,,ICIP,PO2,,,,,
X000301,,,SNOMED,,,,,,
X000302,,,ICNARC,INHAL,Inhalation injury,,,,
X000302,,,HICDS1,,,,,,
X000302,,,ICIP,,,,,,
X000302,,,SNOMED,,,,,,
X000303,,,ICNARC,INTILPO,Associated intubation status (from arterial blood gas with lowest PaO2),,,,
X000303,,,HICDS1,,,,,,
X000303,,,ICIP,INT,,,,,
X000303,,,SNOMED,,,,,,
X000304,,,ICNARC,INTL,Associated intubation status,,,,
X000304,,,HICDS1,,,,,,
X000304,,,ICIP,INT,,,,,
X000304,,,SNOMED,,,,,,
X000305,,,ICNARC,LCREAT,Lowest serum creatinine,,,,
X000305,,,HICDS1,,,,,,
X000305,,,ICIP,CREAT,,,,,
X000305,,,SNOMED,,,,,,
X000306,,,ICNARC,LCTEMP,Lowest central temperature,,,,
X000306,,,HICDS1,,,,,,
X000306,,,ICIP,CTEMP,,,,,
X000306,,,SNOMED,,,,,,
X000307,,,ICNARC,LEVA,Highest level of care received in the first 24 hours in your unit,,,,
X000307,,,HICDS1,,,,,,
X000307,,,ICIP,LEVA,,,,,
X000307,,,SNOMED,,,,,,
X000308,,,ICNARC,LG,Lowest serum glucose,,,,
X000308,,,HICDS1,,,,,,
X000308,,,ICIP,G,,,,,
X000308,,,SNOMED,,,,,,
X000309,,,ICNARC,LHB,Lowest haemoglobin,,,,
X000309,,,HICDS1,,,,,,
X000309,,,ICIP,HB,,,,,
X000309,,,SNOMED,,,,,,
X000310,,,ICNARC,LHCO,Lowest serum bicarbonate,,,,
X000310,,,HICDS1,,,,,,
X000310,,,ICIP,HCO,,,,,
X000310,,,SNOMED,,,,,,
X000311,,,ICNARC,LHR,Lowest heart rate,,,,
X000311,,,HICDS1,,,,,,
X000311,,,ICIP,HR,,,,,
X000311,,,SNOMED,,,,,,
X000312,,,ICNARC,LK,Lowest serum potassium,,,,
X000312,,,HICDS1,,,,,,
X000312,,,ICIP,K,,,,,
X000312,,,SNOMED,,,,,,
X000313,,,ICNARC,LNA,Lowest serum sodium,,,,
X000313,,,HICDS1,,,,,,
X000313,,,ICIP,NA,,,,,
X000313,,,SNOMED,,,,,,
X000314,,,ICNARC,LNCTEMP,Lowest non-central temperature,,,,
X000314,,,HICDS1,,,,,,
X000314,,,ICIP,NCTEMP,,,,,
X000314,,,SNOMED,,,,,,
X000315,,,ICNARC,LNVRR,Lowest non-ventilated respiratory rate,,,,
X000315,,,HICDS1,,,,,,
X000315,,,ICIP,NVRR,,,,,
X000315,,,SNOMED,,,,,,
X000316,,,ICNARC,LPC,Lowest platelet count,,,,
X000316,,,HICDS1,,,,,,
X000316,,,ICIP,PC,,,,,
X000316,,,SNOMED,,,,,,
X000317,,,ICNARC,LPH_V3,pH/H+ from arterial blood gas with lowest pH (or highest H+),,,,
X000317,,,HICDS1,,,,,,
X000317,,,ICIP,PH,,,,,
X000317,,,SNOMED,,,,,,
X000318,,,ICNARC,LPR,Pupil reactivity (left eye),,,,
X000318,,,HICDS1,,,,,,
X000318,,,ICIP,PR,,,,,
X000318,,,SNOMED,,,,,,
X000319,,,ICNARC,LSYS,Lowest systolic BP,,,,
X000319,,,HICDS1,,,,,,
X000319,,,ICIP,SYS,,,,,
X000319,,,SNOMED,,,,,,
X000320,,,ICNARC,LTOT,Lowest total Glasgow Coma Score,,,,
X000320,,,HICDS1,,,,,,
X000320,,,ICIP,Calculated,,,,,
X000320,,,SNOMED,,,,,,
X000321,,,ICNARC,LVRR,Lowest ventilated respiratory rate,,,,
X000321,,,HICDS1,,,,,,
X000321,,,ICIP,VRR,,,,,
X000321,,,SNOMED,,,,,,
X000322,,,ICNARC,LWBC,Lowest white blood cell count,,,,
X000322,,,HICDS1,,,,,,
X000322,,,ICIP,WBC,,,,,
X000322,,,SNOMED,,,,,,
X000323,,,ICNARC,MABG,Arterial blood gases missing,,,,
X000323,,,HICDS1,,,,,,
X000323,,,ICIP,MABG,,,,,
X000323,,,SNOMED,,,,,,
X000324,,,ICNARC,MBL,Blood lactate missing,,,,
X000324,,,HICDS1,,,,,,
X000324,,,ICIP,BL,,,,,
X000324,,,SNOMED,,,,,,
X000325,,,ICNARC,MCREAT,Serum creatinine missing,,,,
X000325,,,HICDS1,,,,,,
X000325,,,ICIP,CREAT,,,,,
X000325,,,SNOMED,,,,,,
X000326,,,ICNARC,MG,Serum glucose missing,,,,
X000326,,,HICDS1,,,,,,
X000326,,,ICIP,G,,,,,
X000326,,,SNOMED,,,,,,
X000327,,,ICNARC,MHB,Haemoglobin missing,,,,
X000327,,,HICDS1,,,,,,
X000327,,,ICIP,HB,,,,,
X000327,,,SNOMED,,,,,,
X000328,,,ICNARC,MHCO,Serum bicarbonate missing,,,,
X000328,,,HICDS1,,,,,,
X000328,,,ICIP,HCO,,,,,
X000328,,,SNOMED,,,,,,
X000329,,,ICNARC,MK,Serum potassium missing,,,,
X000329,,,HICDS1,,,,,,
X000329,,,ICIP,K,,,,,
X000329,,,SNOMED,,,,,,
X000330,,,ICNARC,MNA,Serum sodium missing,,,,
X000330,,,HICDS1,,,,,,
X000330,,,ICIP,NA,,,,,
X000330,,,SNOMED,,,,,,
X000331,,,ICNARC,MOLAR,Molar pregnancy associated with recent pregnancy,,,,
X000331,,,HICDS1,,,,,,
X000331,,,ICIP,,,,,,
X000331,,,SNOMED,,,,,,
X000332,,,ICNARC,MOTL,Associated motor component,,,,
X000332,,,HICDS1,,,,,,
X000332,,,ICIP,MOT,,,,,
X000332,,,SNOMED,,,,,,
X000333,,,ICNARC,MOUAIB,Main organism causing first unit-acquired infection in blood,,,,
X000333,,,HICDS1,,,,,,
X000333,,,ICIP,,,,,,
X000333,,,SNOMED,,,,,,
X000334,,,ICNARC,MPC,Platelet count missing,,,,
X000334,,,HICDS1,,,,,,
X000334,,,ICIP,PC,,,,,
X000334,,,SNOMED,,,,,,
X000335,,,ICNARC,MPR,Pupil reactivity missing,,,,
X000335,,,HICDS1,,,,,,
X000335,,,ICIP,PR,,,,,
X000335,,,SNOMED,,,,,,
X000336,,,ICNARC,MRSA,MRSA present,,,,
X000336,,,HICDS1,,,,,,
X000336,,,ICIP,,,,,,
X000336,,,SNOMED,,,,,,
X000337,,,ICNARC,MU,Serum urea missing,,,,
X000337,,,HICDS1,,,,,,
X000337,,,ICIP,U,,,,,
X000337,,,SNOMED,,,,,,
X000338,,,ICNARC,MUP,Urine output missing,,,,
X000338,,,HICDS1,,,,,,
X000338,,,ICIP,UP,,,,,
X000338,,,SNOMED,,,,,,
X000339,,,ICNARC,MWBC,White blood cell count missing,,,,
X000339,,,HICDS1,,,,,,
X000339,,,ICIP,WBC,,,,,
X000339,,,SNOMED,,,,,,
X000340,,,ICNARC,NASSESS,Neurological status,,,,
X000340,,,HICDS1,,,,,,
X000340,,,ICIP,NASSESS,,,,,
X000340,,,SNOMED,,,,,,
X000341,,,ICNARC,NICUB,Number of babies in NICU following recent pregnancy,,,,
X000341,,,HICDS1,,,,,,
X000341,,,ICIP,,,,,,
X000341,,,SNOMED,,,,,,
X000342,,,ICNARC,NLB,Number of live births (babies),,,,
X000342,,,HICDS1,,,,,,
X000342,,,ICIP,,,,,,
X000342,,,SNOMED,,,,,,
X000343,,,ICNARC,NPCS,Number of previous Caesarean sections excluding most recent pregnancy,,,,
X000343,,,HICDS1,,,,,,
X000343,,,ICIP,,,,,,
X000343,,,SNOMED,,,,,,
X000344,,,ICNARC,NPLSB,Number of live births (babies) and/or stillbirths from previous pregnancies,,,,
X000344,,,HICDS1,,,,,,
X000344,,,ICIP,,,,,,
X000344,,,SNOMED,,,,,,
X000345,,,ICNARC,NSB,Number of stillbirths,,,,
X000345,,,HICDS1,,,,,,
X000345,,,ICIP,,,,,,
X000345,,,SNOMED,,,,,,
X000346,,,ICNARC,NUAIB,Number of unit-acquired infections present in blood,,,,
X000346,,,HICDS1,,,,,,
X000346,,,ICIP,,,,,,
X000346,,,SNOMED,,,,,,
X000347,,,ICNARC,OUTRP,Outcome of recent pregnancy,,,,
X000347,,,HICDS1,,,,,,
X000347,,,ICIP,,,,,,
X000347,,,SNOMED,,,,,,
X000348,,,ICNARC,PBL,Pre-admission blood lactate,,,,
X000348,,,HICDS1,,,,,,
X000348,,,ICIP,BL,,,,,
X000348,,,SNOMED,,,,,,
X000349,,,ICNARC,PCILPO,Associated PaCO2 (from arterial blood gas with lowest PaO2),,,,
X000349,,,HICDS1,,,,,,
X000349,,,ICIP,PCO2,,,,,
X000349,,,SNOMED,,,,,,
X000350,,,ICNARC,PCLPH_V3,Associated PaCO2 from arterial blood gas with lowest pH (or highest H+),,,,
X000350,,,HICDS1,,,,,,
X000350,,,ICIP,PCO2,,,,,
X000350,,,SNOMED,,,,,,
X000351,,,ICNARC,PCREAT,Pre-admission serum creatinine,,,,
X000351,,,HICDS1,,,,,,
X000351,,,ICIP,CREAT,,,,,
X000351,,,SNOMED,,,,,,
X000352,,,ICNARC,PDIAH,Paired diastolic BP for highest systolic BP,,,,
X000352,,,HICDS1,,,,,,
X000352,,,ICIP,DIA,,,,,
X000352,,,SNOMED,,,,,,
X000353,,,ICNARC,PDIAL,Paired diastolic BP for lowest systolic BP,,,,
X000353,,,HICDS1,,,,,,
X000353,,,ICIP,DIA,,,,,
X000353,,,SNOMED,,,,,,
X000354,,,ICNARC,PG,Pre-admission serum glucose,,,,
X000354,,,HICDS1,,,,,,
X000354,,,ICIP,G,,,,,
X000354,,,SNOMED,,,,,,
X000355,,,ICNARC,PHB,Pre-admission haemoglobin,,,,
X000355,,,HICDS1,,,,,,
X000355,,,ICIP,HB,,,,,
X000355,,,SNOMED,,,,,,
X000356,,,ICNARC,PHCO,Pre-admission serum bicarbonate,,,,
X000356,,,HICDS1,,,,,,
X000356,,,ICIP,HCO,,,,,
X000356,,,SNOMED,,,,,,
X000357,,,ICNARC,PHILPO,Associated pH/H+ (from arterial blood gas with lowest PaO2),,,,
X000357,,,HICDS1,,,,,,
X000357,,,ICIP,PH,,,,,
X000357,,,SNOMED,,,,,,
X000358,,,ICNARC,PK,Pre-admission serum potassium,,,,
X000358,,,HICDS1,,,,,,
X000358,,,ICIP,K,,,,,
X000358,,,SNOMED,,,,,,
X000359,,,ICNARC,PMHP,Past medical history of one or more of listed conditions,,,,
X000359,,,HICDS1,,,,,,
X000359,,,ICIP,PMH,,,,,
X000359,,,SNOMED,,,,,,
X000360,,,ICNARC,PNA,Pre-admission serum sodium,,,,
X000360,,,HICDS1,,,,,,
X000360,,,ICIP,NA,,,,,
X000360,,,SNOMED,,,,,,
X000361,,,ICNARC,PPC,Pre-admission platelet count,,,,
X000361,,,HICDS1,,,,,,
X000361,,,ICIP,PC,,,,,
X000361,,,SNOMED,,,,,,
X000362,,,ICNARC,PU,Pre-admission serum urea,,,,
X000362,,,HICDS1,,,,,,
X000362,,,ICIP,U,,,,,
X000362,,,SNOMED,,,,,,
X000363,,,ICNARC,PWBC,Pre-admission white blood cell count,,,,
X000363,,,HICDS1,,,,,,
X000363,,,ICIP,WBC,,,,,
X000363,,,SNOMED,,,,,,
X000364,,,ICNARC,RPR,Pupil reactivity (right eye),,,,
X000364,,,HICDS1,,,,,,
X000364,,,ICIP,PR,,,,,
X000364,,,SNOMED,,,,,,
X000365,,,ICNARC,SEDPAR,Sedated or paralysed and sedated for whole of first 24 hours in your unit,,,,
X000365,,,HICDS1,,,,,,
X000365,,,ICIP,SEDPAR,,,,,
X000365,,,SNOMED,,,,,,
X000366,,,ICNARC,TAICU,Time of admission to your unit,,,,
X000366,,,HICDS1,,,,,,
X000366,,,ICIP,,,,,,
X000366,,,SNOMED,,,,,,
X000367,,,ICNARC,TDICU,Time of discharge from your unit,,,,
X000367,,,HICDS1,,,,,,
X000367,,,ICIP,,,,,,
X000367,,,SNOMED,,,,,,
X000368,,,ICNARC,TEXT,Text,,,,
X000368,,,HICDS1,,,,,,
X000368,,,ICIP,,,,,,
X000368,,,SNOMED,,,,,,
X000369,,,ICNARC,TUIDO,Transferring unit identifier (out),,,,
X000369,,,HICDS1,,,,,,
X000369,,,ICIP,,,,,,
X000369,,,SNOMED,,,,,,
X000370,,,ICNARC,UP,Urine output,,,,
X000370,,,HICDS1,,,,,,
X000370,,,ICIP,UP,,,,,
X000370,,,SNOMED,,,,,,
X000371,,,ICNARC,VERL,Associated verbal component,,,,
X000371,,,HICDS1,,,,,,
X000371,,,ICIP,VER,,,,,
X000371,,,SNOMED,,,,,,
X000372,,,ICNARC,VRE,VRE present,,,,
X000372,,,HICDS1,,,,,,
X000372,,,ICIP,,,,,,
X000372,,,SNOMED,,,,,,
